,日期,当日付款金额,当日收款金额,净资金流入,存款余额,贷款余额,存放同业余额,投资余额,票据承兑余额,承兑汇票保证金,流动性资产,流动性负债, 流动比率 , 备付比率 , 基金收益率 , 贷款余额/存款余额 , 票据承兑余额/存放同业余额 , 承兑汇票保证金/存款余额 ,0-7天到期贷款,7天-1个月到期贷款,1-3个月到期贷款,3-6个月到期贷款,6-12个月到期贷款,1年以上到期贷款,0-7天到期存款,7天-1个月到期存款,1-3个月到期存款,3-6个月到期存款,6-12个月到期存款,1年以上到期存款,前1大客户存款余额, 前1大客户存款占比 ,前2大客户存款余额, 前2大客户存款占比 ,前3大客户存款余额, 前3大客户存款占比 ,前4大客户存款余额, 前4大客户存款占比 ,前5大客户存款余额, 前5大客户存款占比 
1,2024-1-1,46771.44121,42061.36853,-4710.07268,304818.6246,218214.1579,392612.7768,15984.63508,21197.7582,306,2893162,1242831,0.43,0.47,0.06,0.72,0.05,0.001,15170.51702,29691.8714,39478.8121,46895.6251,51087.69411,51795.91923,30257.58145,42603.86757,47385.56271,73808.4372,62613.61308,64531.68386,28967.08428,0.1,34290.50702,0.11,19074.1,0.06,15862.83175,0.05,31881.92269,0.1
2,2024-1-2,30623.53434,17806.52161,-12817.01273,306216.2091,243975.4958,324042.0998,12744.85007,37215.2885,228,1606611,1446803,0.9,0.42,0.01,0.8,0.11,0.001,21706.09992,30539.70054,44930.9506,51269.49445,57955.91802,49945.43292,29507.38405,41293.94911,53583.93327,61463.43386,63340.43961,68041.3006,28533.0324,0.09,38146.97129,0.12,37899.28778,0.12,34899.08439,0.11,45477.06382,0.15
3,2024-1-3,69752.09824,63732.84438,-6019.25386,368635.9389,237067.4682,354552.3123,15083.56771,47909.11922,377,2678573,1883634,0.7,0.53,0.06,0.64,0.14,0.001,22971.09231,34232.60601,36548.27037,48398.53371,56283.51374,50506.46981,20843.82865,48021.80375,69705.28226,78376.17928,83424.53492,76013.81676,30134.77095,0.08,51810.78239,0.14,48688.03828,0.13,20616.00657,0.06,29709.02909,0.08
4,2024-1-4,48974.8656,10603.81597,-38371.04963,397587.8884,230009.1733,365060.3579,25355.14281,33220.6523,429,1244093,1707849,1.37,0.55,0.05,0.58,0.09,0.001,12671.23832,28005.06267,39474.82504,48107.74763,54124.18378,57058.51533,32732.5047,57712.90351,64085.24313,93307.02621,85417.78059,82143.46336,39012.62881,0.1,39787.36693,0.1,41073.8126,0.1,35627.19614,0.09,25019.0918,0.06
5,2024-1-5,79428.80443,46601.16345,-32827.64098,335963.8638,216684.0353,312218.3768,13897.64868,31446.76943,797,1445677,1056034,0.73,0.52,0.02,0.65,0.1,0.002,11583.32668,24456.74217,40334.5463,46094.95511,48990.18815,49517.43215,26316.90429,47121.77634,57147.78171,76142.9446,72268.96828,83158.00336,36027.92834,0.11,21304.25272,0.06,43856.0155,0.13,17411.78293,0.05,47080.97562,0.14
6,2024-1-6,24684.09852,52956.03161,28271.93309,379264.2868,228280.4669,340743.4291,23929.15986,42464.44303,648,2236471,1854067,0.83,0.43,0.07,0.6,0.12,0.002,20415.85641,29404.22432,40031.70895,50889.57677,47055.27686,49401.10128,33648.0722,49714.81887,61834.77745,89586.30892,81322.70451,94625.39461,31492.43796,0.08,37395.30056,0.1,41298.26443,0.11,23316.09417,0.06,52438.60776,0.14
7,2024-1-7,12850.22772,16754.61417,3904.38645,374352.3705,236334.989,361792.6688,27717.04524,22733.33728,714,1911499,1855782,0.97,0.59,0.04,0.63,0.06,0.002,17185.09866,34076.31192,38007.46118,50220.96896,51129.29733,52988.37403,18951.77969,45932.16469,65234.28859,88940.06175,87051.38925,90622.41174,43103.36438,0.12,27730.8323,0.07,45511.17675,0.12,21692.58979,0.06,39184.30184,0.1
8,2024-1-8,86286.95855,66351.942,-19935.01655,332684.898,213592.6321,385586.3703,20902.04322,29961.73303,446,1577061,1243988,0.79,0.55,0.06,0.64,0.08,0.001,16023.06752,22240.26472,37112.32219,43999.06581,43006.32935,48644.39559,21357.49523,46880.22382,54712.31478,68839.75181,80412.25379,70826.74337,46909.09003,0.14,40906.43157,0.12,21006.94064,0.06,36063.44024,0.11,44529.06615,0.13
9,2024-1-9,94152.55225,76701.92058,-17450.63167,374617.6064,228958.2315,383782.5283,14850.51566,11601.27765,595,2925306,1285041,0.44,0.5,0.04,0.61,0.03,0.002,13758.09697,27763.68977,37437.16376,56748.10597,56799.87571,46537.29177,33628.11614,52077.4184,60148.34256,91214.19866,78935.93183,76856.11395,45053.10833,0.12,36983.82168,0.1,23054.1432,0.06,43808.852,0.12,28117.66492,0.08
10,2024-1-10,94519.67559,75321.31649,-19198.3591,302300.4668,224581.2156,369288.1619,27119.01755,30933.01695,743,2696672,1475128,0.55,0.4,0.04,0.74,0.08,0.002,15974.6261,33079.97879,39779.87166,55646.78113,46007.00507,48695.96034,22976.6312,42442.95243,56187.6409,64112.94062,68577.60475,65386.70072,38943.89492,0.13,38430.242,0.13,25217.34399,0.08,32482.98595,0.11,42071.44316,0.14
11,2024-1-11,36519.60461,11038.28149,-25481.32312,379027.2806,234723.7203,389133.9541,23907.19609,21861.84497,381,2396292,1069991,0.45,0.4,0.05,0.62,0.06,0.001,19316.7452,32593.68938,37479.03564,55292.72347,52830.74265,57548.09821,27858.16889,53771.22593,73542.43211,92937.14334,79477.3489,86241.61099,37730.48159,0.1,32052.07732,0.08,38617.02009,0.1,31256.80272,0.08,29726.90734,0.08
12,2024-1-12,93855.5383,83585.99564,-10269.54266,391289.7908,208283.9663,326379.8654,27189.41166,18765.19078,332,2252625,1694468,0.75,0.42,0.03,0.53,0.06,0.001,11494.48939,30170.22132,31707.5546,47286.46864,44937.9478,43386.15727,37624.98204,47117.95252,60920.29491,81306.96054,95683.94817,84710.21812,36198.23564,0.09,32796.28476,0.08,42705.89634,0.11,54688.93458,0.14,23040.5749,0.06
13,2024-1-13,74457.76159,68279.8545,-6177.90709,304242.9178,228264.5673,356477.3092,29868.80608,41809.44217,548,1985126,1371170,0.69,0.55,0.02,0.75,0.12,0.002,15224.08819,32960.05931,37865.15442,48926.89394,53460.8803,51423.99259,20890.72058,32022.86723,49274.76601,71169.63777,65423.70177,61951.44864,30895.20972,0.1,18273.20593,0.06,37800.91883,0.12,17422.68533,0.06,32654.60523,0.11
14,2024-1-14,32304.91207,67627.11068,35322.19861,377833.9274,229050.4607,364520.1453,28997.05699,20214.74711,641,2550864,1170685,0.46,0.55,0.06,0.61,0.06,0.002,13854.22577,31190.23289,37660.33732,50042.63561,48149.40453,50087.90632,33028.1529,55063.65756,64489.75753,84499.78773,78807.79378,77585.39581,47606.07282,0.13,19820.6134,0.05,43332.40913,0.11,46787.68073,0.12,55683.05246,0.15
15,2024-1-15,24336.04223,95827.97098,71491.92875,376278.1473,233541.7589,359240.7708,23572.80258,17905.31433,213,2107478,1168119,0.55,0.54,0.06,0.62,0.05,0.001,17471.82726,29383.617,39035.30852,58023.32249,51765.60669,51977.08391,33006.46099,39579.05119,60206.29881,89030.28487,81722.34992,92177.16139,23039.362,0.06,40146.21979,0.11,29779.15765,0.08,28693.18182,0.08,25811.73187,0.07
16,2024-1-16,99670.98092,90221.00204,-9449.97888,378628.9483,224412.5486,388751.3449,19933.10503,23894.16755,744,1532229,1490982,0.97,0.57,0.05,0.59,0.06,0.002,12039.36152,29249.04392,38974.11587,54130.1251,52507.75772,54519.18776,29332.52491,39031.03543,73990.74836,87671.45327,93869.3259,92999.23707,26943.53776,0.07,47432.14349,0.13,40760.28625,0.11,49485.98895,0.13,54858.37394,0.14
17,2024-1-17,49300.77516,94542.71598,45241.94082,390285.0686,236293.6717,373244.0534,16646.71027,15914.23013,313,1618338,1192991,0.74,0.48,0.07,0.61,0.04,0.001,22387.43446,26092.37322,41081.67958,51993.11531,53194.62325,52326.5705,29943.20418,54196.84791,61480.57526,82133.78727,96952.94937,95058.94865,57088.16124,0.15,38909.37612,0.1,21817.7608,0.06,43494.79954,0.11,31583.14375,0.08
18,2024-1-18,43823.21299,90599.80308,46776.59009,318048.2564,222214.3815,397880.1076,22905.09884,46835.42002,498,2177148,1015981,0.47,0.43,0.07,0.7,0.12,0.002,20458.14262,31954.23902,40120.31421,48698.00527,53973.07281,51546.35566,29217.0481,33347.0969,61313.15428,70397.86864,66934.28122,66476.90287,33522.33906,0.11,25192.18706,0.08,25386.26423,0.08,42435.03695,0.13,25913.60758,0.08
19,2024-1-19,44320.63171,68560.57911,24239.9474,317358.6001,234348.8057,346886.4769,16880.24277,45066.63535,714,2413718,1224776,0.51,0.46,0.07,0.74,0.13,0.002,20139.84006,30372.92082,46734.91275,47372.54221,50076.54639,50236.81645,16150.9526,46231.2726,55210.38761,74342.91865,75757.10203,64237.69978,27313.87781,0.09,39252.69517,0.12,46947.11091,0.15,24723.91808,0.08,27387.3326,0.09
20,2024-1-20,46673.60405,56967.3497,10293.74565,385263.2786,204928.1162,378331.6703,12304.5704,13145.2249,645,1209195,1821514,1.51,0.57,0.05,0.53,0.03,0.002,12711.97154,30029.68873,39523.54397,46441.676,47767.39558,48975.33271,36487.54345,39280.07222,72718.27363,82468.64244,84790.14528,78294.70805,19788.35669,0.05,44644.39681,0.12,48854.52826,0.13,20255.04665,0.05,33463.13594,0.09
21,2024-1-21,82367.58586,12060.80562,-70306.78024,316859.1974,225048.3361,371583.2636,23739.84294,22020.54033,625,1789626,1685294,0.94,0.42,0.07,0.71,0.06,0.002,15485.34964,30460.75304,42122.95115,54541.40091,45035.59219,52603.07181,19233.06564,47214.76639,56824.25535,67430.3146,77643.72774,73634.43414,47265.30187,0.15,24175.6032,0.08,22946.44366,0.07,22290.58087,0.07,47157.81898,0.15
22,2024-1-22,35920.90528,31970.35936,-3950.54592,349124.5407,238499.2681,301859.4147,27927.56696,11635.22765,666,1571270,1987860,1.27,0.5,0.03,0.68,0.04,0.002,11952.45077,25664.92639,47131.73179,53509.04261,50468.10699,54734.29456,21131.99664,42495.92653,62945.81735,81066.02708,73898.87133,76363.3743,36579.18178,0.1,29299.71804,0.08,38649.78679,0.11,39687.2619,0.11,19887.82574,0.06
23,2024-1-23,44601.06033,91948.50284,47347.44251,320192.1381,213151.9532,324544.5451,16280.75756,20089.63185,301,1674429,1225759,0.73,0.51,0.03,0.67,0.06,0.001,13727.82657,26698.96554,37975.06472,50049.51029,44497.59955,50114.85616,22471.01434,44111.21476,53771.88806,64834.10553,66812.20192,77107.52121,44594.89415,0.14,31189.45152,0.1,28783.01523,0.09,32256.54515,0.1,18130.4434,0.06
24,2024-1-24,94125.53192,97235.14034,3109.60842,336329.2972,213768.7836,390293.096,28356.70295,19912.23162,405,1829624,1682866,0.92,0.41,0.05,0.64,0.05,0.001,16047.59498,23545.15563,37188.73142,44405.8872,47090.55467,47821.75226,18293.62004,35387.73698,56058.50942,69126.8372,76809.96755,81048.88478,34466.37563,0.1,43088.23038,0.13,32706.64004,0.1,42540.21071,0.13,50168.85195,0.15
25,2024-1-25,69721.92207,55241.45621,-14480.46586,350851.277,202825.4944,355990.0309,16304.38242,42656.11018,442,1574047,1256958,0.8,0.56,0.06,0.58,0.12,0.001,13434.93057,25372.68965,39521.73266,48928.60912,50240.64048,49279.42786,31354.08231,45379.906,59911.87949,86386.27995,72261.80275,77039.52083,40810.8624,0.12,42562.53366,0.12,30612.81828,0.09,47533.58756,0.14,34235.92821,0.1
26,2024-1-26,95675.99045,64267.33203,-31408.65842,398494.504,241156.9135,358070.2389,12075.10652,36219.17536,768,2116402,1677093,0.79,0.51,0.08,0.61,0.1,0.002,15424.84692,33578.86744,45474.78443,55767.11986,55686.50833,55754.55153,21266.85373,50317.60403,72657.8269,91982.06849,94131.42125,80722.46455,35895.49992,0.09,35584.37944,0.09,21229.35564,0.05,38762.62954,0.1,38929.04762,0.1
27,2024-1-27,35139.48704,80074.46028,44934.97324,363694.9627,229254.2056,368997.914,11531.58514,31722.23504,610,2816790,1482133,0.53,0.57,0.06,0.63,0.09,0.002,18395.79302,32022.56225,39702.71645,49331.61656,57031.62235,53860.49717,23282.95159,38682.45724,58036.4231,78606.06427,78941.92901,84687.69739,20284.34413,0.06,50026.82627,0.14,19576.0673,0.05,44260.92503,0.12,20020.74928,0.06
28,2024-1-28,38824.99159,90594.72324,51769.73165,395724.4397,213471.906,338477.5026,26744.42028,27334.49509,315,2022448,1681634,0.83,0.51,0.06,0.54,0.08,0.001,13926.46467,23718.26231,37722.72642,44585.86274,50580.88411,43954.72142,24321.63408,58102.77447,75619.10196,82983.83226,82021.96671,87176.55016,24801.63122,0.06,31585.6962,0.08,42473.83589,0.11,45259.09296,0.11,42757.03724,0.11
29,2024-1-29,57875.83403,85920.92503,28045.091,356524.3225,220708.887,337970.5237,21076.52739,15291.71945,799,1738012,1737450,1,0.42,0.03,0.62,0.05,0.002,12629.8014,24901.09569,39170.717,49921.97185,53796.48752,45796.37067,20940.83527,53201.91715,58910.77466,79172.31675,74660.21539,77099.96666,23063.60869,0.06,52612.12433,0.15,29897.88493,0.08,31107.01871,0.09,22472.48507,0.06
30,2024-1-30,42133.69749,44121.17054,1987.47305,342688.4293,235216.1721,363958.9116,23892.6183,37161.85252,796,1541911,1409832,0.91,0.46,0.06,0.69,0.1,0.002,17996.04668,24905.92091,37654.02233,54832.83515,47223.72595,51536.50651,20051.2848,36511.06514,68141.77505,71669.71384,70025.08021,80121.44133,34346.68918,0.1,39215.78083,0.11,48580.9696,0.14,29134.37846,0.09,35980.00791,0.11
31,2024-1-31,33563.97837,16423.45511,-17140.52326,357103.3824,207527.8027,359836.1618,11474.51051,18952.83004,304,2429867,1076822,0.44,0.47,0.05,0.58,0.05,0.001,20248.85653,27027.36346,39651.09855,42641.78093,49678.65049,47833.02569,29399.46914,36791.83099,59357.2934,77375.16128,77585.01588,81345.97798,44560.51998,0.12,18417.5203,0.05,29151.52075,0.08,17893.50978,0.05,19972.4865,0.06
32,2024-2-1,39441.14612,57769.76621,18328.62009,334962.9789,212864.741,369708.9493,16675.65574,36058.65601,652,1373898,1387157,1.01,0.46,0.05,0.64,0.1,0.002,15693.21063,28677.4755,37757.61901,49837.09068,42781.84612,44739.48718,18114.50288,36633.01183,53485.37061,74146.33153,67353.13516,70281.30674,47724.39283,0.14,23358.72171,0.07,48672.21086,0.15,33850.72554,0.1,43345.34523,0.13
33,2024-2-2,10135.3613,63804.92351,53669.56221,301130.8844,230651.4935,325909.3754,20345.15926,34587.30278,459,1639565,1392363,0.85,0.54,0.07,0.77,0.11,0.002,15718.36696,33399.42377,38024.97856,48885.27283,55547.26584,47543.30536,25189.24803,32525.6975,53480.41997,64598.06959,68397.1243,63170.97995,35287.6569,0.12,17405.88649,0.06,43154.17166,0.14,26385.57771,0.09,23344.35393,0.08
34,2024-2-3,46503.45592,92888.75697,46385.30105,331850.6537,230099.0972,315752.7102,18600.91971,22591.91601,529,2945583,1972136,0.67,0.48,0.03,0.69,0.07,0.002,18503.10805,28665.31696,42753.15492,47102.87373,50889.87538,47422.93838,32203.87283,34059.84951,50390.94153,71160.11463,66729.53723,79158.28011,37126.52525,0.11,31045.34515,0.09,30301.1095,0.09,19882.43503,0.06,48364.12327,0.15
35,2024-2-4,32365.48346,57462.72415,25097.24069,399385.3315,207403.0616,316174.5173,13898.95454,34767.136,549,2052331,1438438,0.7,0.59,0.04,0.52,0.11,0.001,10516.61565,23596.28552,38177.07888,48661.25355,50268.14904,44791.51462,31908.17981,53039.27126,62265.97978,99650.28795,86463.39903,80753.54142,58709.03848,0.15,22047.01799,0.06,41986.08687,0.11,57141.871,0.14,46945.87759,0.12
36,2024-2-5,49285.70093,26387.88519,-22897.81574,386426.1741,239136.8683,301920.2454,15899.83635,49154.1802,662,2340212,1085649,0.46,0.47,0.09,0.62,0.16,0.002,19470.23862,30673.11186,47017.04074,57262.83777,54808.41469,50389.94346,22823.45657,51214.21619,60119.73036,89271.2074,78744.90527,77567.58945,32142.03332,0.08,24647.67031,0.06,44382.19009,0.11,19700.85779,0.05,23909.17779,0.06
37,2024-2-6,58103.91615,24432.49924,-33671.41691,352560.5076,242084.4481,367700.5497,15514.4359,36347.22514,261,2896713,1081072,0.37,0.54,0.04,0.69,0.1,0.001,19098.51639,26522.77621,42337.33138,55690.44508,52817.7938,55067.12246,27337.43246,41501.32687,61978.1414,71340.49224,80641.65019,79185.52509,25735.47327,0.07,27662.58354,0.08,47149.09406,0.13,36957.01113,0.1,51332.24521,0.15
38,2024-2-7,44432.37931,36766.42348,-7665.95583,393809.3025,217758.553,348024.121,26770.75276,46458.06487,631,2505617,1194146,0.48,0.57,0.04,0.55,0.13,0.002,18568.65551,31289.1922,32964.77416,46131.98779,49362.1201,48190.31085,26164.58902,43699.29889,72595.02701,96947.94017,79219.8959,95906.27792,20191.11851,0.05,34269.47357,0.09,50250.8836,0.13,27893.73824,0.07,46275.3764,0.12
39,2024-2-8,63221.37789,97231.79506,34010.41717,358956.7037,234521.7376,356867.52,10710.73102,11514.51946,585,2078073,1178661,0.57,0.42,0.07,0.65,0.03,0.002,13356.18035,33765.30682,40667.45939,52607.76656,48859.84969,47556.60573,30567.57283,42601.87102,60323.74059,74727.43448,83586.07213,73903.688,35001.85904,0.1,37947.04399,0.11,33086.5242,0.09,18922.72247,0.05,27011.83479,0.08
40,2024-2-9,79083.68518,91176.60792,12092.92274,318930.952,219932.9465,384430.7691,21279.9947,15608.76864,669,2579429,1875580,0.73,0.49,0.03,0.69,0.04,0.002,19852.34989,31796.09781,36462.80416,49675.39974,49172.50983,53430.4917,20542.33635,33627.08612,49400.13365,73229.46816,74195.48054,75596.1269,22157.02137,0.07,17565.18026,0.06,36046.21289,0.11,42274.84396,0.13,18326.89526,0.06
41,2024-2-10,68588.6331,88915.19178,20326.55868,310020.5307,226122.2494,362076.8847,10709.19238,38256.52849,650,1557208,1349312,0.87,0.58,0.04,0.73,0.11,0.002,20612.56169,26361.73071,38865.18348,54815.34997,48783.04939,48088.20514,16210.8387,36132.32793,51464.37027,64269.22817,67463.35751,64599.1564,33719.46659,0.11,45214.99925,0.15,26388.46408,0.09,39657.40208,0.13,37332.73993,0.12
42,2024-2-11,82543.66217,87987.53632,5443.87415,384045.2676,222523.3735,397013.2528,11617.52146,39860.9538,632,2136636,1112142,0.52,0.48,0.07,0.58,0.1,0.002,15449.02602,23040.78786,38575.55929,52660.74506,44889.95497,46103.67512,30812.7515,47333.13018,59326.86341,95743.34697,86845.14915,93006.71597,25967.05113,0.07,32703.11066,0.09,33231.30024,0.09,19319.1236,0.05,37339.92367,0.1
43,2024-2-12,59639.05381,69287.77318,9648.71937,316949.8991,226754.087,350700.15,26748.94581,10786.82006,744,1400269,1298975,0.93,0.53,0.04,0.72,0.03,0.002,17040.38753,30536.95712,45348.46427,51115.05167,56608.88463,55402.54054,28531.48517,37144.68206,59575.50775,66481.72366,70733.69008,65943.74164,29327.5465,0.09,23540.05168,0.07,46249.67087,0.15,31262.61331,0.1,43036.02969,0.14
44,2024-2-13,67648.89546,97764.75185,30115.85639,349040.2313,217184.1447,318390.4088,15559.43223,42392.20381,527,1759589,1446338,0.82,0.53,0.07,0.62,0.13,0.002,20542.44982,25460.94382,41480.6066,53764.91908,50852.12161,50157.03223,22626.43863,47137.75184,57247.86079,79136.07924,77721.70051,75300.369,43604.08997,0.12,43764.90674,0.13,50730.92068,0.15,39014.75789,0.11,51027.73496,0.15
45,2024-2-14,24827.92108,19927.51671,-4900.40437,356813.8682,242249.1816,310832.4511,18478.09889,30367.23101,385,1520674,1694977,1.11,0.47,0.04,0.68,0.1,0.001,22824.89104,25435.54076,36733.54364,51568.51107,54575.63319,54316.22791,26559.44911,48570.27665,69325.56754,85311.71457,80614.44282,81216.72598,33738.05872,0.09,28883.73095,0.08,42311.15492,0.12,27663.229,0.08,34058.92636,0.1
46,2024-2-15,64257.84996,43319.05288,-20938.79708,332379.0057,220238.7277,343557.7228,12852.7378,47908.48334,754,2327513,1007094,0.43,0.4,0.04,0.66,0.14,0.002,13780.91417,31373.3724,34116.41806,45356.35496,53106.39193,50864.16597,17534.77841,43833.1793,51593.48286,67435.02373,76958.39494,78740.81652,16713.95525,0.05,37416.18862,0.11,44720.71818,0.13,19445.56177,0.06,24153.64259,0.07
47,2024-2-16,56926.01025,30722.77801,-26203.23224,365757.2132,219609.4267,312716.0266,15668.86968,14901.38395,570,2684565,1030195,0.38,0.44,0.02,0.6,0.05,0.002,13086.31068,25070.16437,36527.4884,45904.23808,52647.58992,44321.22013,31670.90553,53514.37221,64945.16885,86095.04751,76208.70705,89786.31919,50395.38811,0.14,38425.12223,0.11,45786.55707,0.13,31270.27048,0.09,38167.68858,0.1
48,2024-2-17,61696.32789,70262.98346,8566.65557,314556.494,204450.1431,363888.4239,25249.42784,48786.31476,396,1808527,1428813,0.79,0.52,0.04,0.65,0.13,0.001,11920.32513,22176.5173,32009.36587,42693.12,44184.47975,43675.79988,18967.20951,45960.16706,58799.77775,75366.61725,68343.68885,74434.01292,24315.99861,0.08,42514.00327,0.14,40142.48797,0.13,44142.56068,0.14,27648.36286,0.09
49,2024-2-18,36496.45055,20948.41879,-15548.03176,332358.8883,201378.6103,331548.3939,18844.32027,30407.11277,662,1514629,1646150,1.09,0.41,0.07,0.61,0.09,0.002,10695.93949,29566.95399,38716.74293,50084.18546,42243.27521,46373.42072,19312.99377,34984.58942,64029.82641,81301.41227,71066.93624,80332.77925,32528.171,0.1,26293.99528,0.08,46505.41796,0.14,41511.41376,0.12,29101.93523,0.09
50,2024-2-19,42178.38554,50328.00401,8149.61847,356724.5893,218772.54,385605.9202,23735.60089,36778.98565,686,1389843,1414225,1.02,0.52,0.07,0.61,0.1,0.002,21810.92923,27563.47,36357.28926,47914.90579,53563.98724,50575.71118,25327.95672,44128.98945,68428.2064,88567.197,75464.10108,80733.19293,33407.1702,0.09,51585.5553,0.14,39906.25476,0.11,28456.43287,0.08,25911.49708,0.07
51,2024-2-20,78516.46388,79062.74723,546.28335,306228.1751,209809.6015,346633.3661,10825.17743,32320.73885,347,1585654,1475854,0.93,0.58,0.03,0.69,0.09,0.001,17805.68127,24538.69466,41028.18857,52002.07119,48156.98409,45211.0074,24578.11715,40688.94983,48929.04141,66981.37004,68465.0904,74083.04577,21405.10601,0.07,19039.68201,0.06,16487.77205,0.05,19398.75538,0.06,22047.13887,0.07
52,2024-2-21,94028.36263,94365.79076,337.42813,370360.3577,241488.0115,356205.7318,10855.04071,47774.52712,422,1380033,1914499,1.39,0.56,0.06,0.65,0.13,0.001,16478.20122,34845.12455,37003.17903,48988.59137,53517.01762,48342.48572,27206.07038,40705.8733,60340.00772,86697.25273,85112.83737,74259.33236,42860.86708,0.12,48917.4136,0.13,34204.53408,0.09,21027.7504,0.06,41320.07267,0.11
53,2024-2-22,43325.45936,90633.73324,47308.27388,354648.3836,228669.8237,382617.9142,27370.78507,29647.81667,264,2241456,1202111,0.54,0.43,0.06,0.64,0.08,0.001,15130.78661,28575.82371,36008.65123,56434.53478,55560.17894,50943.14755,17964.96604,44965.17593,57346.01757,85516.71155,84959.27624,74047.5653,46208.6245,0.13,29731.55511,0.08,46711.71168,0.13,40959.18783,0.12,29337.51652,0.08
54,2024-2-23,79380.16395,95487.97946,16107.81551,382926.5454,247634.4795,310328.3754,21693.511,10520.56989,277,2885072,1471145,0.51,0.44,0.06,0.65,0.03,0.001,24153.41466,31697.60669,37651.96873,53273.67504,52835.54421,56512.71188,35268.01874,48790.22409,75195.70858,83153.88617,92030.51851,78134.80064,35640.36698,0.09,35863.3515,0.09,47879.2414,0.13,55668.82669,0.15,33184.49099,0.09
55,2024-2-24,95581.93532,95578.12802,-3.8073,385882.5762,230070.594,317473.8366,26315.65916,26815.87071,370,1580914,1829288,1.16,0.51,0.05,0.6,0.08,0.001,17229.0188,28530.60467,44067.38575,56438.12968,55972.38798,54081.50447,33687.60284,57297.63225,61190.04595,85045.66217,83984.28444,93395.54696,48098.59562,0.12,46202.90131,0.12,42105.42999,0.11,32940.31887,0.09,53769.44635,0.14
56,2024-2-25,21182.39407,19140.84772,-2041.54635,303606.8355,220396.9031,396272.3395,26311.77844,41597.4684,631,2553289,1120387,0.44,0.41,0.04,0.73,0.11,0.002,13356.19963,27858.98464,33801.05256,48666.30642,45994.20534,47297.09294,22502.8038,41431.83189,52629.80419,62781.66856,62459.09224,66266.63046,19356.52975,0.06,17757.99724,0.06,20787.89761,0.07,36183.0152,0.12,19276.46058,0.06
57,2024-2-26,65484.29682,34741.4222,-30742.87462,326185.4358,230401.7725,312987.1869,20064.21729,24439.89423,738,2049757,1552673,0.76,0.48,0.06,0.71,0.08,0.002,18136.91543,28965.56827,40628.96937,54590.20311,47803.13659,50607.28038,26487.79652,33936.32818,50977.68064,74996.15292,80436.16062,71574.30898,34573.00046,0.11,19916.86787,0.06,23438.37117,0.07,32447.26105,0.1,26977.16463,0.08
58,2024-2-27,70940.99765,96900.81533,25959.81768,381224.0076,232444.4661,373484.0791,13738.40617,29991.78736,210,1715104,1223659,0.71,0.42,0.04,0.61,0.08,0.001,20118.87396,28848.82189,44377.07464,51639.62244,51601.43849,57625.43996,25654.60607,53975.33189,73996.75598,86781.26529,94446.5167,89696.43655,39732.03261,0.1,32288.91753,0.08,26788.11182,0.07,42626.87187,0.11,56304.78421,0.15
59,2024-2-28,84654.70196,83782.84274,-871.85922,350905.2238,211142.4795,315965.2645,26446.46326,36350.21949,708,1869349,1632745,0.87,0.5,0.04,0.6,0.12,0.002,18470.11952,27113.40023,34543.3691,46202.74478,50428.73724,46636.23768,20006.85914,44593.43801,59156.64461,71240.22663,71381.06908,81934.80575,33401.5884,0.1,43181.20931,0.12,29268.03575,0.08,26630.38028,0.08,28007.15185,0.08
60,2024-2-29,98683.096,45598.00015,-53085.09585,320499.74,231851.3179,364607.8001,18630.07403,11458.47211,783,2034695,1024268,0.5,0.48,0.05,0.72,0.03,0.002,15872.76463,31247.40557,40204.67705,55058.10705,53804.6441,52459.92037,25060.25877,43663.69431,50146.09796,79461.31848,76375.16218,79918.85122,34455.14037,0.11,45246.19073,0.14,44167.49864,0.14,26713.78976,0.08,32798.20952,0.1
61,2024-3-1,65704.61227,57682.68717,-8021.9251,380464.184,218545.4436,386242.0005,16935.17516,36754.9803,385,1618996,1488698,0.92,0.41,0.04,0.57,0.1,0.001,17084.25285,31670.77377,38318.77245,51100.20544,47855.47861,45539.41878,35059.48069,45695.36568,57478.67518,81043.72097,83785.10211,84427.17652,49656.72027,0.13,21733.97554,0.06,40333.21274,0.11,54990.75705,0.14,39867.25988,0.1
62,2024-3-2,28921.88392,54989.87357,26067.98965,327306.1491,245621.3817,373996.4027,26676.833,32985.02004,480,1566129,1077714,0.69,0.52,0.06,0.75,0.09,0.001,18952.6531,29786.70576,39677.12449,51669.94474,60281.61503,54843.97865,23158.49297,36971.44794,54966.1411,66832.82742,66745.76034,79482.41362,25993.43739,0.08,30575.74621,0.09,37363.39528,0.11,29095.09277,0.09,47166.93167,0.14
63,2024-3-3,56332.79483,68935.09334,12602.29851,362799.4635,248164.6681,313966.4315,11855.45656,31307.30065,775,1884300,1155463,0.61,0.46,0.08,0.68,0.1,0.002,18300.26943,35716.66764,40427.69213,55556.70264,57633.50814,51070.75308,19894.4427,51471.56325,70356.73711,88953.50473,84077.25676,87623.46386,33809.64956,0.09,36073.39701,0.1,20457.9242,0.06,29992.51635,0.08,37013.8464,0.1
64,2024-3-4,63845.58923,93242.42626,29396.83703,349003.3095,228223.2715,317063.0969,15907.19762,28538.48069,406,2788031,1744809,0.63,0.52,0.04,0.65,0.09,0.001,11877.48519,26808.6755,41137.79,49525.3575,47625.93269,51611.49302,30365.03169,46606.97821,59365.33769,74207.24182,79439.20891,82127.2146,28346.37294,0.08,46832.39691,0.13,44098.67245,0.13,52193.36257,0.15,39566.91222,0.11
65,2024-3-5,91853.43976,94376.45378,2523.01402,324042.08,244723.6685,391947.9758,13880.47141,42962.46899,683,2572039,1205745,0.47,0.43,0.06,0.76,0.11,0.002,21861.61405,28028.12445,42317.09709,60780.34035,58887.38063,54688.37934,17636.18344,38229.61843,57580.17669,65252.91656,76555.71037,70505.99572,22962.47524,0.07,44482.40682,0.14,43699.35125,0.13,35463.88011,0.11,31951.50032,0.1
66,2024-3-6,41825.99184,23734.86154,-18091.1303,359032.1679,245804.5197,346934.8781,27861.23679,47631.77672,262,2050517,1249895,0.61,0.42,0.11,0.68,0.14,0.001,18310.33042,34114.62963,40088.94433,57692.51767,54342.06558,59966.58725,22347.53782,42913.39641,64934.02475,76768.30622,80425.85667,83162.02195,38481.73348,0.11,36639.769,0.1,48090.56434,0.13,25819.15443,0.07,31259.83797,0.09
67,2024-3-7,16427.76439,44710.76312,28282.99873,387021.013,226442.158,318152.3718,15220.61469,26055.08413,352,2971840,1636045,0.55,0.41,0.06,0.59,0.08,0.001,19267.88398,32462.80419,37246.83574,49908.71734,47113.16606,55476.77693,31918.60242,51852.70591,64919.39324,79177.08341,92260.95121,91449.83034,46442.4923,0.12,52918.95742,0.14,49313.36273,0.13,32559.40644,0.08,38633.11372,0.1
68,2024-3-8,80211.76133,75009.79745,-5201.96388,383830.3952,239057.6007,362902.578,15287.43046,18646.58816,717,2794654,1426558,0.51,0.48,0.04,0.62,0.05,0.002,15108.43163,30168.9469,39963.16726,58602.79477,58807.2658,49603.86007,38185.5692,47479.57693,64520.96308,78011.09299,89518.52994,79840.2488,41139.536,0.11,27639.2014,0.07,49504.97784,0.13,47239.20553,0.12,44111.95846,0.11
69,2024-3-9,50898.24552,90253.55468,39355.30916,316088.0192,232751.3029,331311.2699,11955.92488,15788.04591,580,1782668,1132415,0.64,0.57,0.01,0.74,0.05,0.002,15086.63615,24010.12414,45944.55803,55257.75635,57546.82423,49521.48594,27811.37102,45292.55573,60087.11664,73663.08011,70837.59431,63819.38281,42126.98229,0.13,18693.48924,0.06,29032.80575,0.09,37499.58705,0.12,34134.56009,0.11
70,2024-3-10,30138.56523,52468.65417,22330.08894,363775.6615,226380.135,382016.0042,10059.31736,20304.38785,509,2557968,1368310,0.53,0.6,0.03,0.62,0.05,0.001,18283.06395,31696.43292,37533.47121,48717.67912,52850.08097,46311.39677,29794.30812,42218.79553,67171.22014,76803.34589,80243.46656,89507.18897,31718.97381,0.09,24609.6924,0.07,19031.49597,0.05,35475.08687,0.1,46399.67362,0.13
71,2024-3-11,59485.32241,87485.49636,28000.17395,311190.3841,219270.9816,355583.6923,13194.07382,40502.13067,510,2388612,1462115,0.61,0.46,0.05,0.7,0.11,0.002,18428.17854,29959.08978,34288.54519,46597.95072,49139.85843,49723.04144,29838.60696,39992.82043,48742.6119,66027.96563,77047.14958,65734.65682,20664.25937,0.07,27776.53365,0.09,16020.43485,0.05,43511.38518,0.14,34676.2117,0.11
72,2024-3-12,43359.20279,65033.18513,21673.98234,362635.6491,230835.5431,336008.6457,13655.76461,46616.11187,677,1426920,1192936,0.84,0.46,0.07,0.64,0.14,0.002,15084.68266,29510.36443,41362.76932,57656.76184,47705.79831,46172.77493,33335.72358,36771.63483,59964.60926,75481.43369,75941.75852,89022.252,38246.88977,0.11,29279.03994,0.08,34200.63566,0.09,44193.98266,0.12,49443.37313,0.14
73,2024-3-13,71672.20912,33730.48392,-37941.7252,395277.0101,242662.3938,377164.4164,17746.05577,36799.3232,229,2606497,1203944,0.46,0.47,0.05,0.61,0.1,0.001,18125.72972,29954.86385,47927.30307,57027.15195,55864.33311,55261.64034,19997.88198,40089.85183,74973.35475,87934.74632,79811.38124,83017.42718,32890.08925,0.08,46330.91578,0.12,25797.46102,0.07,35967.252,0.09,51327.95769,0.13
74,2024-3-14,97001.12373,31610.13697,-65390.98676,367744.1238,200442.1945,338282.2192,14858.42392,10463.4468,272,2688776,1327748,0.49,0.47,0.05,0.55,0.03,0.001,15986.35193,23266.12446,34645.07473,40850.29905,49637.9781,45790.05441,35308.9065,51509.64736,55194.91054,76901.63041,83043.69707,76563.71983,45736.07244,0.12,45493.23889,0.12,41322.408,0.11,18814.01555,0.05,29953.84736,0.08
75,2024-3-15,12372.46722,73491.02579,61118.55857,354093.7407,201302.5104,368304.9802,28032.52696,43616.57182,250,2149886,1686605,0.78,0.4,0.04,0.57,0.12,0.001,12444.58151,28959.21377,33148.48128,48160.04755,42074.92399,47956.12998,23824.0839,50446.99933,62422.89512,72105.10691,79731.9241,76119.52839,30804.73685,0.09,29576.99131,0.08,49862.36435,0.14,43713.91258,0.12,37892.69394,0.11
76,2024-3-16,96593.41475,54525.45977,-42067.95498,374650.9109,226458.4144,392823.191,14097.93355,25831.36539,444,2154538,1436333,0.67,0.49,0.04,0.6,0.07,0.001,11887.90398,25404.59523,37297.8391,51636.77113,46758.39256,49534.38006,33830.38355,44609.49482,64644.98104,85545.60995,83866.70137,93094.1694,36551.49718,0.1,42414.84268,0.11,37752.13952,0.1,23852.24827,0.06,54896.76478,0.15
77,2024-3-17,92295.37789,94699.32314,2403.94525,315043.1825,212318.7874,319184.5389,17057.97333,35958.89008,785,2352141,1393901,0.59,0.44,0.05,0.67,0.11,0.002,11662.0537,23216.44741,36353.10989,46510.72429,50980.06939,47572.2994,25650.16933,44450.76211,50921.24708,66990.17609,68579.54327,74233.61523,42364.79968,0.13,36564.86322,0.12,34987.61896,0.11,35461.14489,0.11,41336.70224,0.13
78,2024-3-18,90735.71108,83576.10561,-7159.60547,398657.4844,238523.3275,327086.2028,29992.25944,43401.58974,480,2450571,1428278,0.58,0.52,0.06,0.6,0.13,0.001,22912.79465,34002.92304,36146.41978,49830.95007,56976.45238,56595.67998,26868.71542,54316.1021,69844.26006,99556.24498,95749.79833,83643.98007,50902.71295,0.13,58132.29919,0.15,29214.44693,0.07,42680.21031,0.11,31999.82824,0.08
79,2024-3-19,51589.68601,42964.04362,-8625.64239,309319.9812,213178.4603,300117.0852,19055.19788,40303.78069,473,2627436,1572282,0.6,0.41,0.09,0.69,0.13,0.002,13917.73157,29801.68084,33761.21457,49227.23814,50096.08548,44262.26258,18417.66326,31500.13628,61359.90188,67844.92481,67260.08414,68442.363,42192.39378,0.14,35299.10815,0.11,39071.35587,0.13,22769.05364,0.07,29050.98272,0.09
80,2024-3-20,31035.51932,83868.79826,52833.27894,344627.4629,234502.3858,376324.4034,28888.48463,12984.84076,300,1901216,1430287,0.75,0.43,0.05,0.68,0.03,0.001,20311.04839,27668.30415,40731.36274,58508.02161,48812.88328,51529.58738,33452.48915,40534.52379,61111.13567,71643.39472,73854.21665,82880.25089,38530.60351,0.11,22149.86379,0.06,43634.19974,0.13,48179.07363,0.14,38599.83105,0.11
81,2024-3-21,75447.98333,77985.30695,2537.32362,313472.7498,226774.3132,324731.3373,11825.02124,36567.11097,428,1900790,1061783,0.56,0.53,0.06,0.72,0.11,0.001,15211.75466,29171.95446,40291.55589,51359.56411,56499.5271,52926.11415,25268.77954,38996.84633,61382.8654,71161.2021,69714.30294,72599.99261,42593.70378,0.14,26950.2023,0.09,46991.77348,0.15,26975.88068,0.09,24579.69076,0.08
82,2024-3-22,43723.71306,88767.93007,45044.21701,351627.6447,204592.3748,349440.071,12026.75021,24106.87246,494,1736083,1056164,0.61,0.6,0.04,0.58,0.07,0.001,12332.45244,28081.62499,31285.1159,43198.52985,42872.40739,47193.45673,28264.24987,42997.1938,67237.03057,86196.13917,80692.74602,73122.28251,19446.63767,0.06,50894.01329,0.14,36831.27241,0.1,25410.77085,0.07,46664.3088,0.13
83,2024-3-23,87041.26957,50813.37396,-36227.89561,385894.8634,226834.412,383462.0187,29931.34036,15844.24044,214,1243838,1385575,1.11,0.44,0.06,0.59,0.04,0.001,21214.29158,24569.68797,39544.28591,51015.86284,51954.70555,53079.068,36412.29767,42783.4411,71884.2935,79629.2002,96433.21846,86927.35041,23283.19499,0.06,27060.22108,0.07,32486.56233,0.08,40992.65615,0.11,22931.09401,0.06
84,2024-3-24,32879.55418,99822.90761,66943.35343,370830.9413,211713.3729,375213.4713,17529.9469,28333.46302,755,1260697,1380313,1.09,0.42,0.04,0.57,0.08,0.002,18867.13424,26637.67287,38994.10955,43967.54283,45114.89606,45949.28169,36515.31848,51291.69815,56371.57857,78233.04622,86342.98046,78988.79858,24239.45327,0.07,50388.18821,0.14,51731.50589,0.14,33811.16694,0.09,50136.24491,0.14
85,2024-3-25,23465.06826,94853.05407,71387.98581,350332.0261,225875.7944,321286.5002,26086.68455,18974.75182,654,1364645,1613940,1.18,0.45,0.07,0.64,0.06,0.002,20431.94882,22670.05317,36541.60317,46301.44384,51120.3475,45584.00753,17970.38781,41769.22452,55824.80838,74468.95379,84620.44705,77280.29132,48693.22359,0.14,43336.87718,0.12,47515.44356,0.14,28721.12209,0.08,21666.36907,0.06
86,2024-3-26,11209.4931,31604.30187,20394.80877,323523.1101,224353.4098,382573.0462,10333.89393,11771.81072,247,2874948,1355377,0.47,0.41,0.04,0.69,0.03,0.001,13012.88172,33307.41545,35567.01056,50327.45671,51857.51683,54341.91817,22379.3233,36365.44183,62694.77128,72618.90349,66216.92882,70478.34972,36840.66327,0.11,24119.4139,0.07,28543.55052,0.09,27673.00737,0.09,44479.97557,0.14
87,2024-3-27,59608.16873,62793.02396,3184.85523,362659.1241,239846.2062,391245.6641,17649.25647,26577.20676,596,2429403,1388070,0.57,0.43,0.03,0.66,0.07,0.002,23374.28624,35881.63777,41706.81752,50087.94838,57394.51322,57349.84885,30623.62747,38366.93768,59805.28236,80600.31939,88715.31773,77268.14068,39714.81788,0.11,29160.00844,0.08,27022.14073,0.07,29957.14674,0.08,47971.57285,0.13
88,2024-3-28,21441.34753,89595.15709,68153.80956,348196.8488,217880.9257,336461.8561,11371.66983,47057.79216,530,1604385,1353431,0.84,0.55,0.07,0.63,0.14,0.002,20841.90785,25435.24441,38917.7634,52001.97107,44355.3443,52027.70734,33695.75616,43314.96065,55125.85267,78658.26224,70852.92459,69949.99284,28149.02564,0.08,29983.06816,0.09,29468.98785,0.08,51845.84736,0.15,47623.30571,0.14
89,2024-3-29,35496.65517,72652.67071,37156.01554,372150.5055,226968.4729,315312.0151,19438.37194,10150.62808,323,1259857,1287745,1.02,0.57,0.05,0.61,0.03,0.001,21414.3795,32830.96115,40404.49596,55012.36115,51073.80802,55907.29063,25249.23928,54939.39389,70758.14596,79234.23814,89944.54927,87683.31845,40069.51523,0.11,18662.33633,0.05,27118.03007,0.07,31429.45106,0.08,50430.89793,0.14
90,2024-3-30,76680.14497,44537.59891,-32142.54606,395163.6349,238844.6646,313895.4112,28662.00482,20108.48201,701,2864802,1384697,0.48,0.44,0.06,0.6,0.06,0.002,22135.31263,33148.17282,42014.32534,56085.72548,51973.60695,54095.63064,34996.28268,41183.10263,70107.02013,80648.59365,93203.00403,83782.10392,31405.51601,0.08,47339.19238,0.12,30758.30577,0.08,39597.30495,0.1,20829.81144,0.05
91,2024-3-31,65819.13662,49131.44861,-16687.68801,360979.9612,223233.8502,306661.0704,16678.00878,42103.21189,626,1667420,1172671,0.7,0.46,0.06,0.62,0.14,0.002,14067.27194,30690.83924,34639.17499,55154.17462,51270.40521,48977.02081,31344.40323,37251.81841,69126.15483,89985.24311,86320.38284,80998.77544,40073.06711,0.11,37068.73812,0.1,43642.24229,0.12,43120.17168,0.12,42070.37988,0.12
92,2024-4-1,45230.39081,98582.93543,53352.54462,330858.1217,231761.3325,377520.414,22804.97557,45920.74643,448,1399832,1456690,1.04,0.47,0.06,0.7,0.12,0.001,17571.20118,23186.12425,39502.62728,49454.33316,49273.55548,56480.91538,19239.05926,45358.62017,54224.55958,73176.29641,80566.28522,68770.25555,21598.99608,0.07,25929.35983,0.08,43040.5169,0.13,47256.13242,0.14,49545.44618,0.15
93,2024-4-2,52700.66397,36154.82471,-16545.83926,326848.6202,236432.6517,307518.3536,10287.34535,13641.34594,632,2390457,1184306,0.5,0.5,0.02,0.72,0.04,0.002,22988.93502,30502.13393,46234.32242,54882.44227,52893.86199,47480.76946,17243.1164,34519.16272,51003.2766,75341.46847,70836.8356,67935.96527,32473.18495,0.1,21351.13894,0.07,30293.72413,0.09,19138.62006,0.06,37478.54149,0.11
94,2024-4-3,64229.08441,40542.29106,-23686.79335,370445.8971,220381.9696,313765.3072,26928.31833,15236.7476,700,1380910,1954530,1.42,0.41,0.05,0.59,0.05,0.002,12367.4277,29342.77539,36102.57808,48330.07687,45562.87581,46595.54411,27172.54588,55060.92839,60796.01622,79437.9828,92407.73121,83653.46812,50112.42283,0.14,46622.14658,0.13,23275.42969,0.06,26489.48445,0.07,46992.60414,0.13
95,2024-4-4,33628.54436,29794.54875,-3833.99561,318656.0656,204570.7305,342118.002,15170.52757,38002.56967,460,1780015,1467734,0.82,0.47,0.07,0.64,0.11,0.001,18262.36594,22305.13212,35528.21438,44664.11732,50598.81009,48581.96315,29893.39157,35184.22755,57165.14877,72103.09912,68321.77499,73809.42764,39976.58654,0.13,44587.16894,0.14,33227.89179,0.1,30569.72126,0.1,21096.09682,0.07
96,2024-4-5,96157.07337,75529.70694,-20627.36643,302207.3383,243713.1565,356988.9041,12153.14862,25081.6475,579,2777505,1090633,0.39,0.58,0.06,0.81,0.07,0.002,22835.90293,29992.77812,41992.67869,57603.89615,53910.74006,60101.57602,16542.91444,39736.64988,48763.03777,61239.76723,72921.21327,62750.46425,44496.27892,0.15,43647.01715,0.14,15285.85844,0.05,22965.54659,0.08,18362.69795,0.06
97,2024-4-6,57039.47659,74579.09432,17539.61773,325119.6545,242933.0558,331452.4201,27259.80572,24936.43627,247,2627263,1311683,0.5,0.41,0.01,0.75,0.08,0.001,15625.9863,36288.1359,41827.29637,53283.73475,54499.48374,52989.25222,28857.00883,47910.4334,56283.61565,78355.68566,75308.63702,68457.43241,38631.87793,0.12,26959.10403,0.08,27444.14534,0.08,30822.53016,0.09,22140.30543,0.07
98,2024-4-7,66923.808,58425.20871,-8498.59929,391362.0938,210512.1306,395138.1237,29737.70897,22641.55085,421,1663433,1270680,0.76,0.59,0.04,0.54,0.06,0.001,17901.04336,28172.71182,36073.43849,42412.78652,44121.09363,52466.97936,33126.67726,54276.64028,69210.25297,78310.70998,96195.71685,86415.63706,39611.43562,0.1,55871.66844,0.14,30627.80561,0.08,36308.50525,0.09,39561.28141,0.1
99,2024-4-8,30976.38523,97094.23939,66117.85416,302850.2802,223798.611,303879.9869,13969.99149,42520.416,668,2193349,1135099,0.52,0.44,0.09,0.74,0.14,0.002,21532.32872,32410.24758,38679.21144,53381.65571,55705.62454,46462.51685,25541.74921,33703.86172,52030.10378,64041.52551,68915.83288,63168.62423,24070.17472,0.08,32100.85328,0.11,36787.64097,0.12,38234.43864,0.13,37643.81461,0.12
100,2024-4-9,72197.99314,72705.59042,507.59728,324801.8832,229933.8752,347715.1682,16085.33487,39030.36064,632,1674742,1213777,0.72,0.42,0.06,0.71,0.11,0.002,20435.61171,23303.65259,38666.937,49994.32555,56670.27875,55414.02115,30159.09363,40405.84732,56328.87169,72386.41015,71437.39917,68459.50607,42240.52081,0.13,39762.60695,0.12,35839.13367,0.11,24052.01778,0.07,43414.01988,0.13
101,2024-4-10,63133.00363,61171.20978,-1961.79385,350060.7081,224002.4611,332923.9001,13934.73843,30982.14353,253,2489597,1883148,0.76,0.54,0.04,0.64,0.09,0.001,16958.51509,26509.86645,37839.55152,49092.12871,48840.98727,47222.1902,30114.31608,46801.76375,60362.74691,80072.78437,70952.92933,78891.83865,38767.24824,0.11,38214.13133,0.11,21660.90104,0.06,44781.00771,0.13,40389.17335,0.12
102,2024-4-11,42948.59979,51207.97823,8259.37844,317005.3554,206105.3323,396268.5762,20864.18943,43949.20464,338,1254767,1686713,1.34,0.48,0.02,0.65,0.11,0.001,19866.39066,20933.25993,32451.99891,42785.40799,48962.1974,48476.56519,30310.25821,40582.06656,56295.30269,70270.02493,77483.98852,67671.37753,26021.43834,0.08,40322.42643,0.13,27539.67235,0.09,19188.17266,0.06,21510.67657,0.07
103,2024-4-12,37486.8408,33093.13614,-4393.70466,306168.2018,202527.897,339438.8309,11581.15863,37148.42602,597,2231852,1735559,0.78,0.48,0.05,0.66,0.11,0.002,18965.60963,28882.17678,32786.44169,40970.89327,46083.23198,48127.67928,29871.67474,36262.15009,60658.62189,71351.77702,61344.43764,63086.19886,15627.98939,0.05,45230.4538,0.15,32454.77397,0.11,30914.70359,0.1,38760.03062,0.13
104,2024-4-13,88768.70273,18891.84012,-69876.86261,344110.2375,223977.2982,356114.7861,14506.11364,31343.70899,462,1236341,1241087,1,0.58,0.06,0.65,0.09,0.001,20681.16967,29202.0186,35600.27513,53468.17318,50816.72582,52802.31603,20822.55187,48982.66873,67519.67025,68871.22001,73481.98261,73127.80194,46366.50616,0.13,30021.09569,0.09,25099.50722,0.07,48709.47618,0.14,23839.36257,0.07
105,2024-4-14,91742.21433,77521.78438,-14220.42995,355386.339,220536.0577,363298.7561,25513.22341,29542.17653,609,2352323,1777649,0.76,0.52,0.06,0.62,0.08,0.002,13851.20689,26212.35547,38203.17937,53307.26265,48995.74599,48453.35377,18075.30303,43386.30426,67187.66345,87762.38976,86989.72201,80876.61699,18056.75074,0.05,31038.4004,0.09,47589.41206,0.13,38117.9556,0.11,25991.21255,0.07
106,2024-4-15,91622.78687,27698.14833,-63924.63854,368793.447,245768.8269,388878.5273,23016.18717,12480.08142,742,2196943,1419402,0.65,0.46,0.07,0.67,0.03,0.002,17643.74767,30342.26044,40358.25727,54157.21206,61025.5026,57305.74663,22029.46252,53260.92075,63227.92052,84272.72496,81620.99554,78703.2834,53770.09801,0.15,26394.6506,0.07,20442.59851,0.06,48092.28892,0.13,48009.11656,0.13
107,2024-4-16,77744.93822,57575.46389,-20169.47433,380137.71,223576.7507,349611.886,19830.74468,44019.82655,235,1395784,1936703,1.39,0.53,0.05,0.59,0.13,0.001,19087.29855,22862.1478,37165.7872,48666.10053,55521.8836,52801.35322,32654.10124,38944.78055,73452.96064,82971.87066,88923.25658,80517.7593,31903.81569,0.08,40246.59343,0.11,46599.89316,0.12,29214.33479,0.08,48901.4874,0.13
108,2024-4-17,96514.45598,15888.74881,-80625.70717,356573.6403,220966.3633,323102.2725,29367.52315,36483.54123,245,2211121,1609115,0.73,0.45,0.06,0.62,0.11,0.001,20944.04977,26654.1304,37809.3873,49870.92323,46416.81542,47160.01007,21204.29888,49121.90084,63259.95264,82059.23484,72513.58929,82124.1589,52795.20488,0.15,48485.70542,0.14,44524.53204,0.12,42815.07927,0.12,31480.07633,0.09
109,2024-4-18,13385.83549,85212.52492,71826.68943,368532.47,219410.766,315493.4336,20970.76708,22854.149,766,2321096,1495343,0.64,0.46,0.01,0.6,0.07,0.002,15871.44725,23181.05908,43296.53203,51968.27119,52987.15502,48649.34679,36579.85775,44026.05481,70814.3258,77123.29856,85988.49213,91181.84949,43636.88564,0.12,34674.5338,0.09,37821.13121,0.1,23058.88967,0.06,21156.56609,0.06
110,2024-4-19,69573.23098,31420.77981,-38152.45117,359036.7187,234641.9577,312229.369,10774.1962,39444.42948,214,2400734,1319212,0.55,0.46,0.01,0.65,0.13,0.001,14243.66009,26456.98017,39151.63433,54875.91565,53585.75459,53931.65947,22933.57018,49015.80009,62640.8078,72354.45909,72543.8387,78441.5662,48546.34252,0.14,34397.66572,0.1,30992.68918,0.09,48341.45455,0.13,20996.77359,0.06
111,2024-4-20,40514.06109,49944.75822,9430.69713,313491.3877,232690.8791,316774.5857,15330.69485,26070.44305,215,1273881,1470704,1.15,0.44,0.08,0.74,0.08,0.001,19994.13338,32804.57008,40228.86229,49506.16112,56906.44597,50270.90883,24674.61698,40689.30798,48086.23286,73580.72762,65815.35445,65032.58832,34912.57166,0.11,37085.56483,0.12,42503.20861,0.14,18965.45504,0.06,21979.61849,0.07
112,2024-4-21,38931.37176,63068.7109,24137.33914,357783.0031,201102.2027,380902.1583,17664.21289,33036.54249,321,1431597,1471001,1.03,0.42,0.03,0.56,0.09,0.001,14869.89801,29931.10304,34332.88102,40599.73372,48499.78528,40477.29734,20574.80781,37618.59373,66932.37524,88713.81945,76564.93496,79645.99871,24093.48549,0.07,23303.74809,0.07,24215.83721,0.07,51802.35186,0.14,44732.70021,0.13
113,2024-4-22,70013.18979,94481.60653,24468.41674,373020.7546,219194.2933,392949.0671,23201.91146,40671.05253,458,1925805,1502555,0.78,0.47,0.08,0.59,0.1,0.001,18152.57352,25804.02474,36156.98435,49392.36077,44645.92331,45365.62618,33826.92343,38842.9457,74206.00156,80074.22392,81503.21565,81588.09393,28388.69789,0.08,33426.93366,0.09,26137.11554,0.07,40966.63884,0.11,34030.45749,0.09
114,2024-4-23,11499.21,91363.57944,79864.36944,359376.0016,204561.0185,363227.5682,10424.76869,16271.57798,710,2570700,1650339,0.64,0.49,0.02,0.57,0.04,0.002,15289.36917,23290.60791,35453.30005,47971.35237,42977.01819,41306.77635,23172.74676,37878.59997,54314.51193,74321.26042,83475.47147,81677.40018,43936.6977,0.12,51639.86056,0.14,34941.39672,0.1,28930.18786,0.08,48259.51158,0.13
115,2024-4-24,51906.55175,77646.16944,25739.61769,317404.313,232001.0894,363748.6364,18571.71622,25908.07865,404,1459598,1027194,0.7,0.46,0.06,0.73,0.07,0.001,14934.98451,32161.3497,39229.89523,53156.85568,51786.81782,52375.03171,16709.34412,31946.466,51059.51528,66890.6091,63718.71004,76546.72768,36149.53795,0.11,17651.46866,0.06,34167.27535,0.11,44325.99242,0.14,29768.5317,0.09
116,2024-4-25,61333.22985,96089.47499,34756.24514,390708.5489,237161.4077,308815.4486,14827.82681,23190.95312,616,2217566,1688791,0.76,0.57,0.07,0.61,0.08,0.002,22476.58908,34589.1582,42674.79812,56102.01148,58134.69198,52921.99604,36503.47695,58472.25671,73644.59889,78402.8412,84251.25022,85390.66903,42431.18953,0.11,40468.65027,0.1,55092.81765,0.14,25631.84269,0.07,50407.74334,0.13
117,2024-4-26,22845.84435,90533.65939,67687.81504,318977.8328,235390.0021,394929.1287,19831.46692,26401.87645,535,2204697,1809477,0.82,0.51,0.05,0.74,0.07,0.002,14330.2269,33043.0492,41297.67437,53630.55896,56651.83069,53408.66304,31136.37181,44538.98076,58372.1775,69074.11426,73505.6483,67268.62408,23935.29619,0.08,28226.0665,0.09,17730.44704,0.06,44137.64258,0.14,39272.31693,0.12
118,2024-4-27,22878.69997,32685.25854,9806.55857,338926.4152,209362.7921,383507.4389,13984.84025,41847.28493,346,2438231,1063788,0.44,0.48,0.04,0.62,0.11,0.001,12166.16806,28935.88742,32679.98279,46609.29588,46821.31216,49890.89697,21327.10069,37994.72702,67419.34295,69155.59035,72715.73489,68190.34779,24346.90198,0.07,17796.05674,0.05,33357.73136,0.1,23291.14402,0.07,36056.89861,0.11
119,2024-4-28,46903.80489,83562.98226,36659.17737,308094.6046,214632.6865,320661.805,14645.95255,33161.97795,767,1690278,1574087,0.93,0.49,0.02,0.7,0.1,0.002,11866.7775,31869.7905,39385.13194,44300.64044,47830.48593,47908.66305,22525.98373,32158.78144,48267.73492,64654.10853,73823.6745,73613.57098,20749.65215,0.07,45916.17254,0.15,44832.44209,0.15,22084.97514,0.07,20792.67887,0.07
120,2024-4-29,13314.45168,47244.45117,33929.99949,352207.5131,231169.5597,301702.746,11607.20424,29381.63281,453,2642673,1857705,0.7,0.46,0.08,0.66,0.1,0.001,22215.53677,23117.30209,35906.79398,46369.58639,53378.20543,52917.59073,31716.31295,41345.87142,64670.27397,81440.12282,72022.24382,71879.75723,23658.71668,0.07,45924.42509,0.13,42430.91916,0.12,52786.69919,0.15,23439.7672,0.07
121,2024-4-30,19247.73433,51610.65292,32362.91859,308490.8832,218368.1153,366543.2694,13297.78254,36251.54563,639,1299502,1674596,1.29,0.54,0.09,0.71,0.1,0.002,13391.9029,24600.27662,36469.13223,48616.42298,47412.40168,47655.63307,24928.61155,39848.42956,47959.60966,64768.68301,71370.86488,71114.22434,30257.00398,0.1,30286.57176,0.1,36423.97002,0.12,17940.15832,0.06,35050.43463,0.11
122,2024-5-1,93433.18103,56244.34922,-37188.83181,355394.3094,222603.1442,305702.6416,15125.92999,30842.48293,650,1274952,1737907,1.36,0.59,0.06,0.63,0.1,0.002,18374.57517,30950.9809,41007.14453,55503.68796,52411.07534,49626.34246,20777.76817,51225.79852,65052.40947,72573.69614,80881.1403,83740.68559,52822.12888,0.15,41546.30487,0.12,49637.56942,0.14,37990.01885,0.11,19261.06641,0.05
123,2024-5-2,18959.40725,89403.93834,70444.53109,391626.2023,243200.8732,394131.4872,18547.44111,21540.58932,240,2134350,1218822,0.57,0.42,0.03,0.62,0.05,0.001,12795.83297,32772.15843,37840.30101,55766.47867,51958.71961,53214.33198,27772.86585,46139.78752,67515.69501,84868.20447,91723.47265,93350.00935,50489.84771,0.13,22455.99156,0.06,22121.49502,0.06,49666.82367,0.13,22186.13763,0.06
124,2024-5-3,70879.521,46720.26004,-24159.26096,350574.3436,203602.5631,316344.8305,16491.32151,41647.18281,688,2253092,1260589,0.56,0.52,0.05,0.58,0.13,0.002,12169.35104,28720.32399,35258.15398,45766.57408,43639.45433,45279.09585,34032.87791,40065.9032,60790.88542,74554.90052,70637.65304,74039.90356,21447.4256,0.06,39031.69802,0.11,26323.47079,0.08,26286.21245,0.08,36179.9998,0.1
125,2024-5-4,31764.6722,74537.14856,42772.47636,351911.8763,200729.0006,388113.293,21992.80242,45215.87102,367,1474707,1851189,1.26,0.45,0.03,0.57,0.12,0.001,13322.0303,27673.09382,39381.30013,45607.81447,49565.60788,45575.45392,23200.46122,42259.44895,65664.7094,87345.99192,78495.47346,83961.90753,23472.01524,0.07,39123.9538,0.11,38702.59437,0.11,30167.83267,0.09,28174.7407,0.08
126,2024-5-5,88582.81947,35736.24517,-52846.5743,393865.6054,241251.9089,398628.8663,29924.00459,26545.59455,550,2552544,1153236,0.45,0.5,0.08,0.61,0.07,0.001,21297.25318,25821.37848,45138.69105,57591.07001,50561.27628,52050.79181,25572.25022,44817.38669,63102.36431,95057.63488,97492.96915,96926.31054,43356.72965,0.11,34548.18259,0.09,46793.1643,0.12,24660.15694,0.06,26986.64695,0.07
127,2024-5-6,30849.31914,11787.07648,-19062.24266,307499.775,249604.226,380003.1585,13809.21524,34396.56172,651,1732439,1622954,0.94,0.5,0.05,0.81,0.09,0.002,24515.66572,31595.93784,48463.4092,50715.37964,53239.52747,61338.79858,29404.24055,39858.95936,55472.79752,67874.0149,75136.37536,61790.6913,41531.28067,0.14,43710.21102,0.14,22862.08827,0.07,22935.81502,0.07,22160.76356,0.07
128,2024-5-7,44092.99446,91776.06278,47683.06832,366859.9322,201590.1182,327665.933,17398.88313,42051.62939,448,2707578,1538730,0.57,0.45,0.02,0.55,0.13,0.001,19507.59588,27719.21891,39121.64413,45934.30081,46578.50281,44871.64318,23430.14676,51604.34016,57657.16791,74475.97958,81110.89837,82421.4145,33375.5227,0.09,45160.74788,0.12,47827.67858,0.13,51173.25566,0.14,26920.16141,0.07
129,2024-5-8,45409.21721,58329.76154,12920.54433,327418.5023,207769.8046,380043.8348,18653.04322,44915.53548,498,1216516,1171295,0.96,0.43,0.03,0.63,0.12,0.002,12832.42427,28699.796,34875.30237,43784.2177,43259.28157,41974.39338,22406.26095,44777.71292,55406.45009,76002.4806,68828.77148,75742.90765,20596.82135,0.06,42399.41847,0.13,23913.94956,0.07,16996.28249,0.05,37038.13981,0.11
130,2024-5-9,58573.95103,75035.4111,16461.46007,314901.0146,218467.1609,347164.1092,18303.55447,15463.94907,617,2181938,1922410,0.88,0.42,0.06,0.69,0.04,0.002,19568.20134,28411.03682,41674.20952,54017.52478,48182.76905,46160.06063,17121.50732,43195.73765,61066.46581,73419.98507,69374.10104,66025.02465,39616.9199,0.13,22012.77615,0.07,25200.06549,0.08,28094.06085,0.09,20753.94135,0.07
131,2024-5-10,69848.151,27570.15431,-42277.99669,385496.6946,234026.0864,371863.4988,13159.36427,10481.43168,392,1402216,1236715,0.88,0.6,0.06,0.61,0.03,0.001,17185.02564,29007.88533,45828.97408,48767.98661,56039.27999,47410.44728,36684.58874,39620.89625,75350.78646,92384.08925,85001.94152,86112.15886,48535.27403,0.13,29123.86282,0.08,56079.23935,0.15,54674.62357,0.14,44441.21966,0.12
132,2024-5-11,97051.46094,80530.29747,-16521.16347,330881.9061,232802.9589,310300.8983,20578.33906,33502.95586,247,1222621,1645077,1.35,0.5,0.04,0.7,0.11,0.001,13476.55809,32068.11126,45654.4295,50452.99584,49645.31983,55915.16833,31043.29211,35170.33542,62755.71274,80581.5756,69284.13135,72048.63159,35259.01044,0.11,41901.22153,0.13,25877.57483,0.08,38328.80837,0.12,41341.57771,0.12
133,2024-5-12,45096.17243,57034.96554,11938.79311,340442.8862,213050.3771,383973.103,27358.82264,44224.65601,357,2402765,1461203,0.61,0.44,0.06,0.63,0.12,0.001,14029.66934,29876.92822,38670.09806,47932.73066,46553.53982,46611.61122,25894.67526,45634.36403,61894.36066,81646.80404,68547.69569,82102.26597,17728.35818,0.05,50163.58067,0.15,36346.45011,0.11,19251.14458,0.06,38141.70681,0.11
134,2024-5-13,99408.85413,63050.22185,-36358.63228,316590.0769,231934.8074,300360.4733,14640.42999,19004.16182,331,2514536,1504233,0.6,0.47,0.04,0.73,0.06,0.001,12404.67167,32115.8151,36970.50268,53812.96398,51369.60268,57087.43026,16430.95236,46228.61891,54686.95931,69558.00959,69400.69296,75463.11987,18008.29258,0.06,17684.94847,0.06,34022.17713,0.11,33362.24327,0.11,20331.47162,0.06
135,2024-5-14,88809.62802,95346.44652,6536.8185,351869.2998,230018.6598,326265.1159,25869.48683,43611.37199,749,2924997,1481085,0.51,0.49,0.07,0.65,0.13,0.002,13971.96951,26911.7843,40477.67017,53385.8616,54294.40078,53692.39845,26727.14017,38428.74974,63847.12336,77075.95475,87178.15656,70764.23719,41136.62091,0.12,25828.83162,0.07,29937.50668,0.09,24558.88875,0.07,42781.56803,0.12
136,2024-5-15,29034.40181,95563.92642,66529.52461,304343.9833,235070.0046,355974.0912,23116.09938,11521.48518,620,1831847,1312115,0.72,0.49,0.06,0.77,0.03,0.002,20909.85229,25959.24762,43318.38376,50538.59463,57879.72174,54413.79271,19649.37705,34286.42314,54850.07804,67344.95415,72619.51321,70412.0963,23998.018,0.08,26238.80692,0.09,33722.9862,0.11,19392.48149,0.06,43996.74945,0.14
137,2024-5-16,63695.30389,76017.92189,12322.618,336966.3929,231929.6552,382136.9465,13019.26398,38741.01715,313,2525631,1272230,0.5,0.41,0.08,0.69,0.1,0.001,16790.67914,28232.85988,37158.66579,53329.23899,47421.38594,50269.30187,20681.4694,43046.2529,56759.19033,72626.60498,76256.23893,83287.69849,24598.62162,0.07,50466.43196,0.15,49104.24212,0.15,50468.55773,0.15,36396.16739,0.11
138,2024-5-17,66253.94786,75184.659,8930.71114,347239.2114,223880.494,301500.6556,23243.20665,31004.08318,419,2651468,1886311,0.71,0.47,0.03,0.64,0.1,0.001,16913.41758,26724.58721,38308.33531,45509.37134,54532.53134,49278.99753,27907.39401,46299.57642,62711.52222,76486.02912,73083.46522,84443.97792,37103.66784,0.11,39418.32167,0.11,26723.87412,0.08,48506.3312,0.14,50347.02274,0.15
139,2024-5-18,77659.1195,61433.04059,-16226.07891,361290.3967,200793.108,302240.2003,27218.47814,45419.66476,384,1270995,1725772,1.36,0.42,0.03,0.56,0.15,0.001,16861.43953,21217.05384,37469.81846,40684.74951,44482.1777,50105.86672,29248.28199,38640.65449,71464.52359,79665.81117,88405.18203,84381.31529,34063.00831,0.09,30893.88304,0.09,26951.02264,0.07,21594.55114,0.06,35939.70152,0.1
140,2024-5-19,44793.90627,49566.90123,4772.99496,375607.6842,219496.0209,319477.3707,27702.80624,45386.12799,697,1449121,1470972,1.02,0.51,0.07,0.58,0.14,0.002,13306.6108,25477.90535,36295.19143,48686.36702,53327.16271,48090.64913,21572.31516,53073.27511,63012.37195,86762.93296,88812.4604,75592.92161,54794.29436,0.15,48481.31638,0.13,44443.8171,0.12,54558.03226,0.15,29709.66285,0.08
141,2024-5-20,88323.90586,68769.22512,-19554.68074,311939.2915,201848.0672,364168.8323,11362.81086,10780.04071,471,1240358,1883800,1.52,0.54,0.02,0.65,0.03,0.002,12671.15124,23013.43514,34281.546,49331.25494,46898.26325,44979.33016,25626.73797,34657.89962,51177.65688,74944.30326,68658.43572,69558.9289,43371.70448,0.14,42424.44343,0.14,33004.1284,0.11,22082.90354,0.07,35278.18953,0.11
142,2024-5-21,30507.969,20722.89401,-9785.07499,323034.3796,232053.3337,330324.291,21888.88931,24685.11876,630,1456701,1152840,0.79,0.43,0.03,0.72,0.07,0.002,18995.00562,24027.16972,45029.77066,49579.79602,52330.9626,51991.92312,27297.73465,37865.06234,52880.22716,75263.5961,71798.22568,80013.65137,22501.44597,0.07,20062.3216,0.06,41400.4652,0.13,35234.69904,0.11,44524.96065,0.14
143,2024-5-22,14097.64332,66901.63837,52803.99505,349075.5955,231039.5836,337343.1052,19053.12991,32522.06759,338,1364579,1057737,0.78,0.6,0.07,0.66,0.1,0.001,13403.72351,31509.04185,34668.14733,56182.39556,51724.17401,51321.57715,23940.27129,35239.76374,61261.42462,79209.34179,71038.78991,82461.61089,36445.88992,0.1,24853.20382,0.07,17535.60016,0.05,50454.13198,0.14,25035.74652,0.07
144,2024-5-23,79778.89492,23234.40225,-56544.49267,339948.6549,235768.9974,350047.695,11315.40653,29242.28008,202,2683865,1391574,0.52,0.5,0.04,0.69,0.08,0.001,15987.02998,29772.12579,40704.42163,55811.54599,48675.4659,58195.42719,20098.87724,37665.63903,67664.34561,76634.3947,73894.79917,71912.49466,24569.31813,0.07,42925.80794,0.13,25687.69097,0.08,20396.64435,0.06,27629.2002,0.08
145,2024-5-24,65737.6891,13526.08286,-52211.60624,361826.2024,230074.8091,355453.6471,27043.89873,11705.04741,361,1499657,1429811,0.95,0.53,0.03,0.64,0.03,0.001,20583.91442,32686.68592,38078.89014,57431.18005,56390.64243,57167.50672,23813.40966,38148.48712,66664.2661,74269.42408,83170.77593,81478.59212,49267.20669,0.14,31913.06721,0.09,18168.85642,0.05,36629.75779,0.1,53291.37378,0.15
146,2024-5-25,18203.9499,18167.60119,-36.34871,328670.3607,212483.3734,365440.8386,20593.38661,15198.63201,715,2355459,1855243,0.79,0.57,0.02,0.65,0.04,0.002,13971.40508,30540.13055,41255.78264,49465.2503,49985.36449,45724.5632,22998.63351,34179.76144,65414.27801,74239.29792,80283.34613,80201.10479,27980.98638,0.09,28935.93334,0.09,43388.59832,0.13,17091.48825,0.05,28602.36527,0.09
147,2024-5-26,53677.54031,25335.21486,-28342.32545,365022.9461,248968.1375,387006.28,24900.06899,30639.29522,393,2098638,1137760,0.54,0.46,0.07,0.68,0.08,0.001,20035.27077,32981.71791,46608.53875,61153.22844,55615.30981,61254.77736,35690.39334,42783.79905,65287.78696,90802.04877,79819.84243,83205.40858,38876.42616,0.11,53180.64528,0.15,36164.24417,0.1,25665.41311,0.07,54400.79515,0.15
148,2024-5-27,37468.35493,83479.12188,46010.76695,302152.7497,216324.9317,328596.5007,15018.77912,40899.44034,391,2085091,1018239,0.49,0.48,0.05,0.72,0.12,0.001,21005.7952,27176.29272,32546.83582,45034.72159,45327.0282,48385.3236,28773.78756,42821.09473,51112.08324,60855.01361,67181.78263,64394.51848,44140.08269,0.15,29162.48618,0.1,23265.5361,0.08,41722.69622,0.14,43435.62058,0.14
149,2024-5-28,86303.52669,99484.1725,13180.64581,390358.954,224328.7081,338946.4882,10264.02376,43667.58899,656,2769499,1460219,0.53,0.54,0.03,0.57,0.13,0.002,11802.13092,25991.57853,37481.38902,46397.19302,50720.448,54511.67971,25524.68368,44732.05369,66646.8044,94765.00586,97554.34345,96050.57457,42531.16848,0.11,47094.31296,0.12,47280.8347,0.12,45933.00077,0.12,32949.26284,0.08
150,2024-5-29,17388.18768,98350.44504,80962.25736,328947.6715,217575.722,355237.0121,16904.57758,26432.35114,673,2232537,1143261,0.51,0.58,0.08,0.66,0.07,0.002,11982.45311,27637.22102,41796.13637,51895.50985,45378.20853,51835.18607,21908.32097,41757.09838,54021.01566,75272.2336,72848.15912,76785.18398,26353.66482,0.08,37049.308,0.11,45512.58676,0.14,39085.82509,0.12,36582.00429,0.11
151,2024-5-30,33910.62022,12244.61013,-21666.01009,365935.2471,227482.9781,375957.9582,11982.86327,37430.47147,431,1790724,1898664,1.06,0.47,0.05,0.62,0.1,0.001,12854.66336,33111.86532,44639.58735,50219.71667,47551.4152,51901.74302,26634.50109,40675.51523,65219.04902,84378.96186,74391.64613,84681.76136,28880.799,0.08,29720.68154,0.08,48036.99066,0.13,24513.94465,0.07,42532.5128,0.12
152,2024-5-31,59590.41811,18446.6191,-41143.79901,335725.1617,229092.7233,319660.0813,10950.64352,22121.36128,455,1914409,1753515,0.92,0.55,0.07,0.68,0.07,0.001,13862.23148,31899.88042,45769.55788,47154.66404,51945.40054,46256.07065,24283.3604,41629.95887,52750.46928,79057.62051,76213.72128,81525.70519,31012.64903,0.09,47921.8131,0.14,16942.13382,0.05,28233.21615,0.08,23800.56018,0.07
153,2024-6-1,68611.71152,11017.60318,-57594.10834,390171.0389,248630.5709,370164.7434,14804.03569,19486.77249,507,2357383,1009276,0.43,0.5,0.03,0.64,0.05,0.001,12643.54349,28086.47172,39751.465,57258.93104,56177.51273,52601.21439,24812.86021,57825.34807,76175.19909,92913.30943,96177.6953,82718.25829,47665.70935,0.12,22748.97827,0.06,52585.57423,0.13,50060.57417,0.13,46017.05929,0.12
154,2024-6-2,50162.80455,52442.10821,2279.30366,389362.5353,247798.389,322190.1916,16974.75617,26497.34446,544,1631565,1167621,0.72,0.58,0.05,0.64,0.08,0.001,23507.23387,27256.23864,46731.04584,50573.71367,53347.83111,51089.37131,37905.66845,39287.99622,75164.59495,97146.0365,96967.4262,78886.14678,22244.71918,0.06,29221.30352,0.08,44642.99841,0.11,21918.91277,0.06,45559.46653,0.12
155,2024-6-3,94500.14011,24675.1629,-69824.97721,348076.3759,241740.0139,371512.1263,20945.07206,31980.17274,521,1718459,1136180,0.66,0.51,0.06,0.69,0.09,0.001,17221.69926,30425.80119,45176.9525,58980.99777,49224.4585,56979.30983,28730.42314,50546.47737,52642.93125,76841.83465,71175.0503,86406.60879,44686.3304,0.13,17739.15264,0.05,50945.57046,0.15,47535.85707,0.14,19334.07327,0.06
156,2024-6-4,16769.42255,33339.8737,16570.45115,358608.1044,239732.719,302415.8768,28533.14486,23257.60418,752,1515785,1797943,1.19,0.5,0.05,0.67,0.08,0.002,22180.08275,32965.27231,37177.81544,52299.9742,53965.81001,53799.48099,21733.51912,36445.0963,55123.93481,76686.33769,88176.45029,86776.81975,30189.78325,0.08,50532.44407,0.14,33880.59161,0.09,32103.1544,0.09,34066.05532,0.1
157,2024-6-5,64980.13161,60860.18733,-4119.94428,358855.6123,227840.0737,343539.4529,17957.12375,23672.59824,497,2454049,1891054,0.77,0.48,0.04,0.63,0.07,0.001,21932.15301,30133.2186,43390.97839,54818.71645,50353.65274,50895.49764,30841.77649,41920.13516,55959.46124,86567.15621,82127.0388,86388.85783,52866.13681,0.15,34230.22409,0.1,24412.11018,0.07,22082.02108,0.06,22414.94223,0.06
158,2024-6-6,46878.19744,56939.86652,10061.66908,388924.1263,214912.339,326384.3984,26412.26558,16732.6766,705,2940951,1555816,0.53,0.46,0.04,0.55,0.05,0.002,18425.32903,25364.03103,37718.44819,47387.25583,51102.83197,49214.59111,25894.01588,47501.57564,65647.02906,85725.50152,80902.56718,80010.55527,21205.94681,0.05,34849.64089,0.09,21652.14912,0.06,36018.22726,0.09,42480.28428,0.11
159,2024-6-7,43541.48998,99388.27133,55846.78135,399080.5018,224247.5192,396012.2013,29139.09101,40588.0999,507,1756740,1722284,0.98,0.41,0.05,0.56,0.1,0.001,16870.57201,31716.22921,34314.31459,47796.24274,52053.20321,45748.42469,31548.80394,41311.2962,71698.72349,88480.94826,94389.45052,94174.71074,30505.88334,0.08,43228.39411,0.11,20575.62764,0.05,35149.46805,0.09,36164.74585,0.09
160,2024-6-8,15292.15029,27782.80308,12490.65279,386964.0372,230968.1664,320273.9848,13274.60651,27664.54257,740,1258147,1936032,1.54,0.4,0.06,0.6,0.09,0.002,21047.58161,30120.12157,38507.77413,50177.93515,51965.21595,48759.78213,21387.4058,46270.81417,76028.38945,95129.48827,84245.78819,91693.56432,32326.82701,0.08,25387.87379,0.07,31733.15909,0.08,50779.08405,0.13,48186.13579,0.12
161,2024-6-9,49223.12737,12257.44998,-36965.67739,354599.2221,206422.7903,356611.8456,21632.70448,26926.41168,385,1498308,1799157,1.2,0.44,0.05,0.58,0.08,0.001,14623.70013,22185.4252,33725.62357,47700.17856,43415.21793,48221.55211,28843.00561,50479.18865,69053.81121,78595.20451,82735.03141,71678.84975,34545.07723,0.1,43160.38473,0.12,49971.4307,0.14,50094.44824,0.14,45572.3141,0.13
162,2024-6-10,40121.3849,26799.65646,-13321.72844,355464.0753,235381.361,311842.3645,11700.54238,16866.84879,317,1269903,1526002,1.2,0.58,0.06,0.66,0.05,0.001,19679.06638,26235.27663,35517.01353,53255.56922,58001.16215,47922.6957,28522.27885,48008.74696,68124.56583,76796.24145,76865.07081,78918.82423,51247.89266,0.14,35780.92279,0.1,26720.56909,0.08,33883.50212,0.1,49697.17061,0.14
163,2024-6-11,95835.81252,92367.76417,-3468.04835,303374.6347,239080.1146,392456.3437,22416.89281,45694.94716,787,2803268,1460568,0.52,0.55,0.04,0.79,0.12,0.003,15107.8734,34733.23313,42644.90583,49002.8773,52746.40549,53146.47353,28553.35613,31633.87776,49023.34097,74959.43986,75022.57535,68688.24165,19381.96428,0.06,41145.25266,0.14,24962.19973,0.08,38423.67889,0.13,28977.87731,0.1
164,2024-6-12,68412.19812,83236.9957,14824.79758,320014.444,213002.6566,304463.9059,29505.61852,46076.34469,777,2184032,1239685,0.57,0.45,0.06,0.67,0.15,0.002,12190.32085,29083.66621,38235.45501,48679.91654,48117.68932,52632.26555,30496.83051,42353.321,52325.16399,74528.9044,77437.95978,66805.43554,47009.95494,0.15,26852.40619,0.08,20699.57528,0.06,47235.60158,0.15,27276.23493,0.09
165,2024-6-13,62478.10952,83165.92056,20687.81104,310569.5383,226016.9765,341463.8215,18900.1364,19904.21499,703,1323726,1880799,1.42,0.41,0.02,0.73,0.06,0.002,13238.99306,24283.67244,41774.62677,48885.91139,45492.58105,52388.21914,24831.82213,37197.9456,53665.32933,72013.95269,67722.11064,64029.44645,26247.23172,0.08,25648.54996,0.08,17061.46003,0.05,43328.68232,0.14,45843.40794,0.15
166,2024-6-14,71897.74576,55569.22255,-16328.52321,315292.3072,243047.8633,313683.926,27004.98538,45769.11372,202,2649146,1295459,0.49,0.48,0.04,0.77,0.15,0.001,21130.11854,32249.54807,46939.52216,57438.93144,50892.13837,53870.62917,24027.80454,42326.04206,56143.80915,74588.16878,68147.39529,74556.55144,28777.54404,0.09,37404.90078,0.12,46073.10965,0.15,39840.64409,0.13,45496.18833,0.14
167,2024-6-15,77183.28013,83756.85128,6573.57115,306199.614,203451.3105,325590.6469,25417.31168,30464.3516,203,1776753,1278034,0.72,0.56,0.01,0.66,0.09,0.001,14718.69163,28189.9785,34304.54307,44674.43081,45626.1534,44983.04332,24492.21515,43380.89224,59277.38506,69629.16396,75992.26156,63625.09662,22092.66128,0.07,30852.12881,0.1,28361.75995,0.09,30091.15152,0.1,44429.14232,0.15
168,2024-6-16,30440.27281,73545.97154,43105.69873,379098.7224,225446.6348,370492.209,23999.4473,27141.14466,607,1348462,1299325,0.96,0.58,0.07,0.59,0.07,0.002,13319.20828,24978.97272,36282.29515,55738.73662,50823.79603,54640.10182,36438.92632,41594.57354,69502.33519,79294.33578,76376.29966,90597.28103,47186.57894,0.12,54824.82893,0.14,48125.06635,0.13,39472.87502,0.1,28642.31847,0.08
169,2024-6-17,29758.42668,93477.69133,63719.26465,303341.9721,239864.544,335623.1482,27098.4192,31987.8802,656,1594737,1972985,1.24,0.58,0.06,0.79,0.1,0.002,15053.03101,32503.73117,40296.03026,53183.55046,52412.19694,54670.688,20154.03645,34166.2579,52386.80745,72177.31409,68623.59221,64765.06937,26236.65268,0.09,42067.21,0.14,21831.60597,0.07,35442.54747,0.12,15750.82667,0.05
170,2024-6-18,45966.91033,68053.71225,22086.80192,372592.8927,247479.3003,390457.8916,16491.89755,19327.47297,670,1353656,1717255,1.27,0.45,0.01,0.66,0.05,0.002,16023.4563,29800.88388,42138.95705,55155.5818,55703.65114,50279.31796,35165.31616,47323.40897,70943.91808,75325.09993,83815.17828,83098.74899,51130.83238,0.14,46848.28198,0.13,55712.06596,0.15,42340.97801,0.11,33806.01628,0.09
171,2024-6-19,64973.07712,51757.53306,-13215.54406,323953.6492,241139.4156,312310.4705,16144.89345,37736.43601,377,2130625,1579105,0.74,0.44,0.07,0.74,0.12,0.001,23791.82663,33838.35978,40848.5346,59966.0637,53206.73512,59341.39163,28730.91284,46664.63582,52577.16197,73171.70536,71519.56229,76239.70795,25278.22947,0.08,28462.20846,0.09,30189.3092,0.09,33655.32976,0.1,16532.45741,0.05
172,2024-6-20,54582.00666,50040.44817,-4541.55849,371899.9692,232363.0008,351636.065,15527.99457,31237.82189,594,1608750,1721254,1.07,0.42,0.03,0.62,0.09,0.002,16985.36056,29598.77716,35014.88801,50035.73978,50300.5732,51047.30294,22084.38198,46657.32081,65676.23703,82230.42602,89078.88807,85067.50725,24343.21239,0.07,39894.97609,0.11,36040.41566,0.1,29560.5464,0.08,47904.07993,0.13
173,2024-6-21,47337.74297,11941.97087,-35395.7721,397347.0813,223600.849,342995.3679,19068.83397,21913.48794,442,2474225,1628188,0.66,0.48,0.05,0.56,0.06,0.001,14805.83823,29122.95275,39233.61311,46467.68062,48147.82988,55713.69334,25758.88367,44659.72111,67531.44145,91033.52959,84305.61891,89880.45433,28455.99574,0.07,29835.61704,0.08,57838.23597,0.15,43635.35577,0.11,56391.20311,0.14
174,2024-6-22,70927.2325,98265.09595,27337.86345,303539.7869,201572.3684,315081.5266,25595.65163,15889.77609,340,2599301,1853728,0.71,0.58,0.03,0.66,0.05,0.001,14427.57132,25532.6969,33943.28248,48038.67794,49608.67139,43764.67934,17385.34243,32191.06519,56235.01473,74726.77411,65079.70799,69053.8118,35891.54189,0.12,26731.65163,0.09,33554.22019,0.11,16108.81673,0.05,37959.70751,0.13
175,2024-6-23,76930.43994,37128.0054,-39802.43454,330852.4747,222065.156,397672.5348,11935.95091,22664.86971,514,1810216,1786850,0.99,0.45,0.06,0.67,0.06,0.002,19517.47334,30440.34498,35382.96048,47322.93298,49304.50592,49302.02246,25239.31662,39276.14972,64663.22601,71924.73655,66301.93227,74257.48653,25643.80841,0.08,39006.25497,0.12,43927.71296,0.13,18790.31834,0.06,21271.55822,0.06
176,2024-6-24,17202.34664,26536.42544,9334.0788,325713.3576,224741.0577,369173.395,23294.09355,24084.01852,380,2066644,1699369,0.82,0.51,0.08,0.69,0.07,0.001,18412.44016,22725.72025,41548.66541,54487.31683,51902.56599,45600.35427,17783.84158,45002.25733,50992.89265,72413.33022,80217.40933,66065.98592,19379.63306,0.06,20210.99541,0.06,39310.54178,0.12,43548.89352,0.13,31741.81545,0.1
177,2024-6-25,68314.19286,99096.35637,30782.16351,388617.5909,244608.9947,332571.3244,10008.56831,45632.44319,393,1801720,1512368,0.84,0.43,0.06,0.63,0.14,0.001,21933.86965,31813.85577,43918.29722,55699.40065,50490.74177,55412.48172,25665.73309,53960.02989,67640.3177,97095.65658,93901.7522,78498.36758,43755.69275,0.11,49176.55799,0.13,55433.59767,0.14,47969.27021,0.12,28745.49888,0.07
178,2024-6-26,47224.17323,88199.37341,40975.20018,379852.3007,201494.9695,329017.2993,18527.71656,21562.9139,767,1567863,1123009,0.72,0.46,0.09,0.53,0.07,0.002,18025.53755,24913.14528,31019.6433,44629.91204,43939.43758,46396.63096,32912.82059,54296.4295,71420.76463,91700.6075,79335.92263,82173.39802,46133.19826,0.12,31385.26249,0.08,45742.30317,0.12,22184.12542,0.06,21721.68272,0.06
179,2024-6-27,98960.02504,50581.26287,-48378.76217,309080.4241,213283.3148,363082.7238,10766.0238,47287.12627,270,1319291,1398674,1.06,0.5,0.08,0.69,0.13,0.001,15694.64906,22334.0501,32862.22682,50636.48653,45728.66143,48994.16144,20574.04604,42953.64824,50900.76462,67662.77521,74906.98415,72018.26793,40422.46904,0.13,46309.68408,0.15,30097.3893,0.1,33455.83989,0.11,33959.46767,0.11
180,2024-6-28,87042.21741,39443.30584,-47598.91157,323023.3986,218284.7144,375345.0676,21484.34032,46938.57306,260,1318969,1166710,0.88,0.46,0.08,0.68,0.13,0.001,13701.16664,29169.16566,33889.13944,54268.45617,51399.59855,45981.52648,19621.09522,37953.2927,48639.01089,73549.64347,71202.69696,64610.39538,33974.77142,0.11,34930.75299,0.11,28114.24958,0.09,25994.24838,0.08,24333.71462,0.08
181,2024-6-29,66613.81789,60692.75945,-5921.05844,308755.4513,231926.8134,361083.7073,13530.66621,39461.9358,219,2969140,1325712,0.45,0.49,0.05,0.75,0.11,0.001,22751.0674,32168.1184,44346.296,53385.53373,52538.52719,57135.22198,20340.40257,46310.84478,47367.52054,75854.97961,64957.28276,62417.73516,29736.85758,0.1,32226.3361,0.1,31801.02811,0.1,44329.18084,0.14,35825.94114,0.12
182,2024-6-30,58966.53006,49817.73513,-9148.79493,348086.3493,235358.4838,318522.0217,20937.24437,10761.60559,500,2270073,1236441,0.54,0.41,0.05,0.68,0.03,0.001,17947.15773,27169.37455,35747.15177,47975.31196,57908.27793,57765.03885,25049.49062,43643.42343,64334.90283,79645.12999,76637.97967,86303.22324,38585.4246,0.11,47949.08053,0.14,23475.759,0.07,45373.08082,0.13,30120.60997,0.09
183,2024-7-1,55736.63942,50570.43871,-5166.20071,348957.8857,235335.6423,318184.7811,20445.96536,11566.64221,601,2414310,1858870,0.77,0.41,0.05,0.67,0.04,0.002,17499.94806,27364.11808,35379.25464,47893.30045,58163.60099,57872.54289,25098.4649,43196.97825,63683.96009,78515.46189,76202.76863,86362.83594,38120.84238,0.11,48643.04555,0.14,24004.58949,0.07,44725.11641,0.13,31685.98,0.09
184,2024-7-2,61303.30972,48052.76518,-13250.54454,346217.4322,236851.8203,316335.489,19745.56374,14417.82961,511,2129653,1170978,0.55,0.41,0.05,0.68,0.05,0.001,18049.93907,27011.40452,34823.04049,47693.36431,57720.34346,58576.07069,24860.05115,44078.90825,63972.91324,79618.72379,75900.21165,87040.83177,36059.3685,0.11,48225.71076,0.14,23626.11114,0.07,44423.87154,0.13,29195.93951,0.09
185,2024-7-3,60720.24853,55517.29345,-5202.95508,338478.7182,234673.4505,318053.7016,20868.76803,11099.78075,285,2285126,1833312,0.8,0.41,0.05,0.69,0.03,0.001,17945.85298,26922.22736,35202.30795,48455.50508,57070.33028,56991.63536,24454.90346,44504.40403,62422.23699,77578.70452,75847.92813,84216.10164,36850.5893,0.11,51119.84787,0.14,23823.04053,0.07,43670.28564,0.14,28869.0003,0.08
186,2024-7-4,61258.03188,54724.91635,-6533.11553,343092.0808,233223.1375,321428.4204,19943.90782,9369.044383,390,2696429,1939110,0.72,0.41,0.06,0.68,0.03,0.001,17843.75419,27009.68794,35947.92031,47589.08428,57735.64435,57991.43411,24292.09968,43497.41858,62496.4259,77938.70052,74356.43204,83212.09878,38419.88763,0.11,49451.76908,0.14,23639.75748,0.07,43786.92379,0.13,28570.16939,0.08
187,2024-7-5,58691.97222,53908.46089,-4783.51133,338440.877,236095.6838,320447.0569,19959.33358,12267.46853,787,2854756,1588934,0.56,0.41,0.05,0.7,0.04,0.002,17779.83649,26743.42117,34980.1333,47559.33189,57595.49378,57143.50274,24476.20362,42789.26958,63200.43583,78904.02754,74984.47672,84238.4546,37679.08672,0.11,49765.68201,0.15,24804.08349,0.07,44196.98799,0.13,28176.95722,0.09
188,2024-7-6,64240.68933,52791.57362,-11449.11571,340587.0386,232475.5936,328472.0299,20043.76565,12278.41154,614,2390582,1644309,0.69,0.41,0.06,0.68,0.04,0.002,18137.68436,26498.95686,35012.76228,47949.62026,57413.90406,57481.42298,24313.70837,42618.37138,63249.88611,77954.17483,74554.52561,83667.78875,40305.83452,0.11,48831.69172,0.14,22483.02124,0.07,46307.60232,0.13,28752.44979,0.08
189,2024-7-7,62665.61827,55526.26532,-7139.35295,341805.2044,232192.7989,321306.8615,19076.98911,11132.17671,207,1903020,1696027,0.89,0.41,0.06,0.68,0.03,0.001,17765.43619,26832.81206,34517.72117,47723.58658,56995.1548,57916.20713,22847.23667,42956.74737,61017.91796,76814.33754,72840.64507,83296.00701,38702.9478,0.11,46662.71051,0.14,24699.44829,0.07,45920.25686,0.13,26772.82649,0.08
190,2024-7-8,62510.88313,57161.32422,-5349.56,341817.441,231355.3997,319536.1322,18558.22915,11376.61088,219.83,1788990.2,1693938.55,0.95,0.41,0.06,0.68,0.04,0.001,17751.17,26665,34784.74,47656.7,57537.12,58928,22766.25,43177.27,60655.87,77225.29,73464.45,83969.01,41366.28,0.11,47904.36,0.14,25453.91,0.07,46485.55,0.13,26627.06,0.08
191,2024-7-9,64519.75305,53823.93487,-10695.82,337538.0519,231877.4598,322241.4698,18996.43021,10060.33897,206.92,1881116.03,1685200.61,0.9,0.4,0.06,0.69,0.03,0.001,18056.82,26534.95,34126.74,46295.74,57283.84,57549.58,22208.95,42136.85,62109.42,76125.36,72875.91,83696.83,37714.83,0.11,47103.75,0.15,22399.24,0.07,43414.44,0.13,27634.53,0.08
192,2024-7-10,63275.03011,52590.20743,-10684.82,341783.4594,231421.025,317696.2801,18269.76201,8133.878792,192.78,1912699.44,1656931.06,0.87,0.4,0.06,0.68,0.03,0.001,17666.22,26340.31,34087.74,47853.38,57924.83,59103.82,22438.85,42739.72,61091.17,76453.63,72425.19,83851.01,38580.61,0.12,48335.3,0.15,24603.43,0.07,45034.76,0.13,24953.77,0.08
193,2024-7-11,61998.72427,53973.02984,-8025.69,341198.9573,235261.5104,311652.7093,18138.96313,8248.458281,186.62,1895483.14,1676762.65,0.88,0.39,0.06,0.69,0.03,0.001,28549,26740.12,33988.88,47608.69,57683.22,58491.05,22619.43,43102.24,61236.91,76506.43,72893.53,84332.98,39071.17,0.11,47882.48,0.14,23791.98,0.07,45034.42,0.13,25381.87,0.07
194,2024-7-12,64746.43096,61715.32204,-3031.11,336130.8671,233470.375,314982.6076,18456.67141,9192.795796,164.33,2057381.82,1688010.03,0.82,0.39,0.06,0.69,0.03,0.002,18368.53,26633,33576.24,47483.05,58153.32,59384.63,21616.51,41861.29,61565.77,78149.26,72099.27,85589.69,39705.67,0.11,50354.38,0.14,21415.69,0.06,43098.96,0.13,25865.91,0.08
195,2024-7-13,65427.02339,60036.20736,-5390.82,341467.8442,234155.2456,324792.5964,17758.55863,8607.491361,141.39,2057897.73,1668069.43,0.81,0.39,0.06,0.69,0.03,0.002,37956,25979.63,33611.04,47010.92,58495.06,59898.83,21863.34,42532.99,60713.51,78439.06,71015.35,84210.09,37844.85,0.12,49207.06,0.15,21776.39,0.06,47258.65,0.14,23872.23,0.07
196,2024-7-14,66415.64474,54683.81284,-11731.83,332399.6563,236176.9676,318918.7596,18474.50745,5657.816736,173.03,2121717.82,1687254.94,0.8,0.4,0.06,0.71,0.02,0.001,19238,25975.42,33713.98,47044.93,59376.82,59369.05,21891.29,43814.34,60526.55,76549.44,73381.54,85570.08,38311.84,0.11,50134.34,0.15,21561.32,0.06,46812.85,0.13,22850.38,0.07
197,2024-7-15,66198.99321,53898.11066,-12300.88,331499.2241,238214.3614,314909.1945,18769.64464,5281.387913,161.21,2163977.377,1717302.692,0.82,0.39,0.06,0.72,0.02,0.001,25049,26005.16,34157.14,46171.23,59578.62,60044.9,21581.11,43286.02,59815.42,75798.16,73995.04,85001.31,40301.98,0.11,50783.61,0.15,20664.8,0.051,48912.807,0.131,19450.16,0.07
198,2024-7-16,69288.21164,53201.48838,-16086.72,327805.0069,238157.6845,316692.4541,18572.94165,1945.105597,119.18,2042296.497,1714560.447,0.8,0.39,0.06,0.72,0.02009512,0.001,20486,26090.51,34032.13,46191.36,60408.5,60283.61,21227.69,43763.87,60010.33,77751.14,73726.29,85746.34,39791.17,0.11,50751.32,0.15,19922.08,0.052,47962.841,0.138,21895.664,0.068
199,2024-7-17,69731.30147,50401.2081,-19330.09,334261.762,234558.9074,318102.995,18039.84896,1506.356646,120.75,2151207.303,1678972.421,0.8,0.39,0.06,0.72,0.02307761,0.001,30156,25617.68,33098.56,46059.59,60942.84,60659.07,21382.28,45038.71,59841.56,75580.36,72880.59,87307.93,39397.01,0.11,51942.49,0.16,16382.96,0.057,48761.548,0.134,21864.684,0.065
200,2024-7-18,66032.59313,56512.68254,-9519.91,331474.5602,238845.0975,314485.1703,18021.44688,3715.792797,130.26,2163614.571,1702154.903,0.75,0.38,0.06,0.72,0.01367865,0.001,31562,25589.42,33299.42,45344.39,60388.24,60249.78,21449.85,44345.86,61596.45,76914.75,72208.61,88247.23,40202.29,0.11,52201.91,0.15,17560.42,0.054,50535.421,0.138,19787.173,0.067
201,2024-7-19,63977.90035,55300.06126,-8677.84,327063.0523,239827.9684,313344.133,17661.39487,11376.61088,138.19,2113939.4,1736365.69,0.75,0.37,0.06,0.71,0.00509732,0.001,40005,26008.02,32408.63,46178.16,61481.59,61645.03,21002.23,44184.69,60922.85,76375.17,72729.91,86947.23,39000.38,0.12,53018.71,0.16,16484.64,0.045,47762.1,0.145,21275.718,0.061
202,2024-7-20,69154.50671,49244.40712,-19910.1,328851.2356,239089.8217,313027.5533,19002.02654,11456,80.53,2134673.644,1720302.912,0.76,0.37,0.06,0.72,0.00633808,0.001,25032,25133.16,32438.12,45270.76,62279.17,61759.92,21741.91,44482.2,60561.93,77856.71,72063.38,87622.08,40503.34,0.12,53852.51,0.17,17119.06,0.047,52486.834,0.142,20152.336,0.065
203,2024-7-21,64766.57189,50286.30229,-14480.27,324911.678,237795.0753,311120.4716,18589.3981,124.3130408,64.07,2222862.679,1683341.676,0.75,0.36,0.06,0.71,0.00319063,0.001,19054,25014.58,32340.56,46105.16,62017.46,62354.92,20497.74,43563.57,59938.22,76997.37,70880.69,89101.25,39861.62,0.12,54075.79,0.16,15032.81,0.044,49924.119,0.143,20730.718,0.066
